slug,outcome_truth,slot_start_s,tf,ACC-M-sz20.n_maker_bid_up,ACC-M-sz20.n_maker_bid_dn,ACC-M-sz20.n_maker_ask_up,ACC-M-sz20.n_maker_ask_dn,ACC-M-sz20.n_taker_up,ACC-M-sz20.n_taker_dn,ACC-M-sz20.inv_up,ACC-M-sz20.inv_dn,ACC-M-sz20.cost_paid,ACC-M-sz20.cash_received,ACC-M-sz20.rebates,ACC-M-sz20.taker_fees,ACC-M-sz20.leftover_redeemed,ACC-M-sz20.leftover_burned_cost,ACC-M-sz20.n_merges,ACC-M-sz20.pairs_merged,ACC-M-sz20.pnl,ACC-M-sz50.n_maker_bid_up,ACC-M-sz50.n_maker_bid_dn,ACC-M-sz50.n_maker_ask_up,ACC-M-sz50.n_maker_ask_dn,ACC-M-sz50.n_taker_up,ACC-M-sz50.n_taker_dn,ACC-M-sz50.inv_up,ACC-M-sz50.inv_dn,ACC-M-sz50.cost_paid,ACC-M-sz50.cash_received,ACC-M-sz50.rebates,ACC-M-sz50.taker_fees,ACC-M-sz50.leftover_redeemed,ACC-M-sz50.leftover_burned_cost,ACC-M-sz50.n_merges,ACC-M-sz50.pairs_merged,ACC-M-sz50.pnl,ACC-M-sz100.n_maker_bid_up,ACC-M-sz100.n_maker_bid_dn,ACC-M-sz100.n_maker_ask_up,ACC-M-sz100.n_maker_ask_dn,ACC-M-sz100.n_taker_up,ACC-M-sz100.n_taker_dn,ACC-M-sz100.inv_up,ACC-M-sz100.inv_dn,ACC-M-sz100.cost_paid,ACC-M-sz100.cash_received,ACC-M-sz100.rebates,ACC-M-sz100.taker_fees,ACC-M-sz100.leftover_redeemed,ACC-M-sz100.leftover_burned_cost,ACC-M-sz100.n_merges,ACC-M-sz100.pairs_merged,ACC-M-sz100.pnl,ACC-M-sz200.n_maker_bid_up,ACC-M-sz200.n_maker_bid_dn,ACC-M-sz200.n_maker_ask_up,ACC-M-sz200.n_maker_ask_dn,ACC-M-sz200.n_taker_up,ACC-M-sz200.n_taker_dn,ACC-M-sz200.inv_up,ACC-M-sz200.inv_dn,ACC-M-sz200.cost_paid,ACC-M-sz200.cash_received,ACC-M-sz200.rebates,ACC-M-sz200.taker_fees,ACC-M-sz200.leftover_redeemed,ACC-M-sz200.leftover_burned_cost,ACC-M-sz200.n_merges,ACC-M-sz200.pairs_merged,ACC-M-sz200.pnl,ACC-M-sz50-tight.n_maker_bid_up,ACC-M-sz50-tight.n_maker_bid_dn,ACC-M-sz50-tight.n_maker_ask_up,ACC-M-sz50-tight.n_maker_ask_dn,ACC-M-sz50-tight.n_taker_up,ACC-M-sz50-tight.n_taker_dn,ACC-M-sz50-tight.inv_up,ACC-M-sz50-tight.inv_dn,ACC-M-sz50-tight.cost_paid,ACC-M-sz50-tight.cash_received,ACC-M-sz50-tight.rebates,ACC-M-sz50-tight.taker_fees,ACC-M-sz50-tight.leftover_redeemed,ACC-M-sz50-tight.leftover_burned_cost,ACC-M-sz50-tight.n_merges,ACC-M-sz50-tight.pairs_merged,ACC-M-sz50-tight.pnl,ACC-M-sz50-loose.n_maker_bid_up,ACC-M-sz50-loose.n_maker_bid_dn,ACC-M-sz50-loose.n_maker_ask_up,ACC-M-sz50-loose.n_maker_ask_dn,ACC-M-sz50-loose.n_taker_up,ACC-M-sz50-loose.n_taker_dn,ACC-M-sz50-loose.inv_up,ACC-M-sz50-loose.inv_dn,ACC-M-sz50-loose.cost_paid,ACC-M-sz50-loose.cash_received,ACC-M-sz50-loose.rebates,ACC-M-sz50-loose.taker_fees,ACC-M-sz50-loose.leftover_redeemed,ACC-M-sz50-loose.leftover_burned_cost,ACC-M-sz50-loose.n_merges,ACC-M-sz50-loose.pairs_merged,ACC-M-sz50-loose.pnl,ACC-M-sz50-mergehot.n_maker_bid_up,ACC-M-sz50-mergehot.n_maker_bid_dn,ACC-M-sz50-mergehot.n_maker_ask_up,ACC-M-sz50-mergehot.n_maker_ask_dn,ACC-M-sz50-mergehot.n_taker_up,ACC-M-sz50-mergehot.n_taker_dn,ACC-M-sz50-mergehot.inv_up,ACC-M-sz50-mergehot.inv_dn,ACC-M-sz50-mergehot.cost_paid,ACC-M-sz50-mergehot.cash_received,ACC-M-sz50-mergehot.rebates,ACC-M-sz50-mergehot.taker_fees,ACC-M-sz50-mergehot.leftover_redeemed,ACC-M-sz50-mergehot.leftover_burned_cost,ACC-M-sz50-mergehot.n_merges,ACC-M-sz50-mergehot.pairs_merged,ACC-M-sz50-mergehot.pnl,MAS-pre50.n_maker_bid_up,MAS-pre50.n_maker_bid_dn,MAS-pre50.n_maker_ask_up,MAS-pre50.n_maker_ask_dn,MAS-pre50.n_taker_up,MAS-pre50.n_taker_dn,MAS-pre50.inv_up,MAS-pre50.inv_dn,MAS-pre50.cost_paid,MAS-pre50.cash_received,MAS-pre50.rebates,MAS-pre50.taker_fees,MAS-pre50.leftover_redeemed,MAS-pre50.leftover_burned_cost,MAS-pre50.n_merges,MAS-pre50.pairs_merged,MAS-pre50.pnl,MAS-pre200-tight.n_maker_bid_up,MAS-pre200-tight.n_maker_bid_dn,MAS-pre200-tight.n_maker_ask_up,MAS-pre200-tight.n_maker_ask_dn,MAS-pre200-tight.n_taker_up,MAS-pre200-tight.n_taker_dn,MAS-pre200-tight.inv_up,MAS-pre200-tight.inv_dn,MAS-pre200-tight.cost_paid,MAS-pre200-tight.cash_received,MAS-pre200-tight.rebates,MAS-pre200-tight.taker_fees,MAS-pre200-tight.leftover_redeemed,MAS-pre200-tight.leftover_burned_cost,MAS-pre200-tight.n_merges,MAS-pre200-tight.pairs_merged,MAS-pre200-tight.pnl,MAS-pre500.n_maker_bid_up,MAS-pre500.n_maker_bid_dn,MAS-pre500.n_maker_ask_up,MAS-pre500.n_maker_ask_dn,MAS-pre500.n_taker_up,MAS-pre500.n_taker_dn,MAS-pre500.inv_up,MAS-pre500.inv_dn,MAS-pre500.cost_paid,MAS-pre500.cash_received,MAS-pre500.rebates,MAS-pre500.taker_fees,MAS-pre500.leftover_redeemed,MAS-pre500.leftover_burned_cost,MAS-pre500.n_merges,MAS-pre500.pairs_merged,MAS-pre500.pnl
btc-updown-15m-1778806800,Up,1778806800,15m,1,5,0,0,0,0,0.0,9.719999998807907,18.39079994393587,20.0,0.15341743084011528,0.0,0.0,8.590799753201008,2,20.0,1.7626174869042437,1,10,0,0,0,0,0.0,8.789999998807907,41.47740023015142,50.0,0.34149032282693403,0.0,0.0,16.97739975331426,7,50.0,8.864090092675518,2,10,0,0,0,0,41.210000001192086,0.0,65.97740070698858,100.0,0.5164203229604484,0.0,41.210000001192086,0.0,8,58.78999999880791,34.53901961597187,2,10,0,0,0,0,141.2100000011921,0.0,114.97740166066289,200.0,0.8662803232274772,0.0,141.2100000011921,0.0,8,58.78999999880791,85.88887866256458,1,10,0,0,0,0,0.0,8.789999998807907,41.47740023015142,50.0,0.34149032282693403,0.0,0.0,16.97739975331426,8,50.0,8.864090092675518,2,10,0,0,0,0,0.0,3.880000151395798,45.30719997065664,54.90999984741211,0.35328610756169043,0.0,0.0,1.940000075697899,5,54.90999984741211,9.956085984317163,1,10,0,0,0,0,0.0,8.789999998807907,41.47740023015142,50.0,0.34149032282693403,0.0,0.0,16.97739975331426,4,50.0,8.864090092675518,0,0,12,12,0,0,2.8235360000000043,1.7763568394002505e-15,50.0,53.93353172517395,0.33359057813447607,0.0,2.8235360000000043,8.881784197001252e-16,0,0.0,4.267122303308426,0,0,16,13,0,0,140.0,155.0,200.0,195.30000030994415,0.32863599973463986,0.0,140.0,200.0,0,0.0,-4.371363690321203,0,0,28,30,0,0,391.6402043814697,394.21289395231634,500.0,506.3078842162113,0.6953138694423842,0.0,391.6402043814697,500.0,0,0.0,7.003198085653651
btc-updown-15m-1778807700,Down,1778807700,15m,3,3,0,0,0,0,7.60000040769577,0.0,13.028899870526796,11.5499995803833,0.1040875764110217,0.0,0.0,8.666500148296356,2,11.5499995803833,-1.3748127137324744,3,3,0,0,0,0,7.60000040769577,0.0,13.028899870526796,11.5499995803833,0.1040875764110217,0.0,0.0,8.666500148296356,2,11.5499995803833,-1.3748127137324744,3,3,0,0,0,0,7.60000040769577,0.0,13.028899870526796,11.5499995803833,0.1040875764110217,0.0,0.0,8.666500148296356,2,11.5499995803833,-1.3748127137324744,3,3,0,0,0,0,7.60000040769577,0.0,13.028899870526796,11.5499995803833,0.1040875764110217,0.0,0.0,8.666500148296356,2,11.5499995803833,-1.3748127137324744,3,3,0,0,0,0,7.600000407695769,0.0,13.028899870526796,11.5499995803833,0.1040875764110217,0.0,0.0,8.666500148296356,3,11.5499995803833,-1.3748127137324744,5,4,0,0,0,0,50.30999979734421,0.0,39.861700490534304,18.840000190734862,0.30122583414111465,0.0,0.0,33.16650062513351,2,18.840000190734862,-20.720474465658327,3,3,0,0,0,0,7.60000040769577,0.0,13.028899870526796,11.5499995803833,0.1040875764110217,0.0,0.0,8.666500148296356,2,11.5499995803833,-1.3748127137324744,0,0,15,11,0,0,0.9417285817413301,2.3442399237060556,50.0,55.99512008340598,0.3283889942597223,0.0,2.3442399237060556,0.47086429087066506,0,0.0,6.323509077665705,0,0,23,32,0,0,118.02999997138974,78.58823799999996,200.0,182.78001979955496,0.6914301461388626,0.0,78.58823799999996,200.0,0,0.0,-16.52855005430618,0,0,30,47,0,0,392.6366045817413,328.71793099999996,500.0,470.37408908951426,0.9484040989861076,0.0,328.71793099999996,500.0,0,0.0,-28.677506811499654
btc-updown-15m-1778808600,Up,1778808600,15m,5,1,0,0,0,0,11.599999237060546,0.0,11.416000453948984,20.0,0.07649824023498528,0.0,11.599999237060546,0.0,1,8.400000762939454,8.660497786286003,5,1,0,0,0,0,13.749999237060544,0.0,11.975000433444986,22.15,0.08228948009719841,0.0,13.749999237060544,0.0,1,8.400000762939454,10.257289046652211,5,1,0,0,0,0,13.749999237060544,0.0,11.975000433444986,22.15,0.08228948009719841,0.0,13.749999237060544,0.0,1,8.400000762939454,10.257289046652211,5,1,0,0,0,0,13.749999237060544,0.0,11.975000433444986,22.15,0.08228948009719841,0.0,13.749999237060544,0.0,1,8.400000762939454,10.257289046652211,5,1,0,0,0,0,13.749999237060544,0.0,11.975000433444986,22.15,0.08228948009719841,0.0,13.749999237060544,0.0,1,8.400000762939454,10.257289046652211,7,1,0,0,0,0,63.74999923706055,0.0,21.975000582456598,72.15,0.19428948134889595,0.0,63.74999923706055,0.0,1,8.400000762939454,50.36928889889229,5,1,0,0,0,0,13.749999237060544,0.0,11.975000433444986,22.15,0.08228948009719841,0.0,13.749999237060544,0.0,1,8.400000762939454,10.257289046652211,0,0,12,11,0,0,0.0,4.9999999999999964,50.0,38.69999945163727,0.2704660024758576,0.0,0.0,2.4999999999999982,0,0.0,-11.029534545886875,0,0,5,18,0,0,185.0,134.25122277111817,200.0,240.04902186951762,0.18029625943904354,0.0,185.0,200.0,0,0.0,40.22931812895666,0,0,31,37,0,0,375.0,364.25122277111814,500.0,500.29902058801775,0.592505266476087,0.0,375.0,500.0,0,0.0,0.8915258544938638
btc-updown-15m-1778809500,Down,1778809500,15m,2,2,0,0,0,0,0.0,11.4,20.671999883651733,20.0,0.07314383967796322,0.0,11.4,0.0,1,8.6,-0.5988560439737682,2,5,0,0,0,0,0.0,41.39999999999999,44.97199995517731,49.99999999999999,0.1377818390571212,0.0,41.39999999999999,0.0,1,8.6,5.165781883879802,2,5,0,0,0,0,0.0,57.76000053405761,58.22360042676925,66.3600005340576,0.17303109586923593,0.0,57.76000053405761,0.0,1,8.6,8.309431203157587,2,5,0,0,0,0,0.0,57.76000053405761,58.22360042676925,66.3600005340576,0.17303109586923593,0.0,57.76000053405761,0.0,1,8.6,8.309431203157587,2,5,0,0,0,0,0.0,41.39999999999999,44.97199995517731,49.99999999999999,0.1377818390571212,0.0,41.39999999999999,0.0,1,8.6,5.165781883879802,4,5,0,0,0,0,0.0,16.17,54.08589979439974,50.0,0.2188138804669909,0.0,16.17,0.0,3,33.83,-3.8670859139327476,2,5,0,0,0,0,0.0,41.4,44.97199995517731,50.0,0.1377818390571212,0.0,41.4,0.0,1,8.6,5.165781883879809,0,0,13,13,0,0,1.8717613569335896,1.7106582370605423,50.0,48.002558584266104,0.2773733333552474,0.0,1.7106582370605423,0.9358806784667948,0,0.0,-1.7200680823786456,0,0,10,21,0,0,175.0,122.71065823706056,200.0,186.40715753198424,0.26507087508848126,0.0,122.71065823706056,200.0,0,0.0,-13.327771592927292,0,0,44,23,0,0,311.87176135693363,408.36066976293944,500.0,515.2170596947828,0.637668705287652,0.0,408.36066976293944,500.0,0,0.0,15.854728400070485
btc-updown-15m-1778810400,Down,1778810400,15m,3,8,0,0,0,0,0.0,5.519998855590828,35.91299959882497,40.489998550415045,0.2514002056645712,0.0,5.519998855590828,0.0,5,34.96999969482422,4.828399157254651,4,9,0,0,0,0,17.73000099182128,0.0,54.4080003185749,47.23999870300294,0.37693400553111,0.0,0.0,33.59670091246367,6,47.23999870300294,-6.791067610040848,4,9,0,0,0,0,67.73000099182129,0.0,81.4080013914585,47.23999870300294,0.5508140043294801,0.0,0.0,60.59670198534727,6,47.23999870300294,-33.61718868412608,4,9,0,0,0,0,73.69000099182126,0.0,84.62640151934622,47.23999870300294,0.5715405001862458,0.0,0.0,63.81510211323499,6,47.23999870300294,-36.81486231615703,4,7,0,0,0,0,0.0,16.779999542236336,73.99169984612465,81.74999923706056,0.49729431933127693,0.0,16.779999542236336,0.0,6,64.96999969482422,8.255593710267192,4,15,0,0,0,0,0.0,8.819999275207525,66.3555001222372,73.78999897003175,0.46892975601326387,0.0,8.819999275207525,0.0,5,64.96999969482422,7.903428603807811,4,9,0,0,0,0,17.73000099182128,0.0,54.4080003185749,47.23999870300294,0.37693400553111,0.0,0.0,33.59670091246367,4,47.23999870300294,-6.791067610040848,0,0,12,14,0,0,3.5400003051757807,0.75,50.0,48.684199467754375,0.333807822592037,0.0,0.75,1.7700001525878903,0,0.0,-0.9819927096535892,0,0,33,38,0,0,68.51903570707702,40.75,200.0,194.65558851509033,0.9716435622923177,0.0,40.75,34.25951785353851,0,0.0,-4.372767922617356,0,0,66,65,0,0,268.2129975708466,275.2814290844727,500.0,512.2154097508121,1.5367537331801837,0.0,275.2814290844727,500.0,0,0.0,13.752163483992263
btc-updown-15m-1778811300,Down,1778811300,15m,2,4,0,0,0,0,0.0,5.680000010728837,24.607799778413774,25.680000010728836,0.15443579206684566,0.0,5.680000010728837,0.0,2,20.0,1.2266360243819072,4,6,0,0,0,0,1.2999999892711713,0.0,55.938600129318246,48.700000010728836,0.3323921440343214,0.0,0.0,0.6499999946355857,3,48.700000010728836,-6.9062079745550875,6,6,0,0,0,0,45.53999976038932,0.0,83.80979977416992,48.700000010728836,0.4767649600552564,0.0,0.0,59.37119940643311,3,48.700000010728836,-34.633034803385826,6,6,0,0,0,0,45.53999976038932,0.0,83.80979977416992,48.700000010728836,0.4767649600552564,0.0,0.0,59.37119940643311,3,48.700000010728836,-34.633034803385826,4,6,0,0,0,0,1.2999999892711713,0.0,55.938600129318246,48.700000010728836,0.3323921440343214,0.0,0.0,0.6499999946355857,5,48.700000010728836,-6.9062079745550875,4,9,0,0,0,0,0.0,23.610000692605972,64.85360013411045,73.61000069260598,0.41131700535216864,0.0,23.610000692605972,0.0,3,50.00000000000001,9.167717563847702,4,6,0,0,0,0,1.2999999892711713,0.0,55.938600129318246,48.700000010728836,0.3323921440343214,0.0,0.0,0.6499999946355857,2,48.700000010728836,-6.9062079745550875,0,0,12,12,0,0,4.2731085422363275,0.0,50.0,48.15705883065051,0.33228448458120063,0.0,0.0,2.1365542711181638,0,0.0,-1.5106566847682856,0,0,28,31,0,0,90.0,77.65868186376954,200.0,197.36991833628494,0.7888617503406608,0.0,77.65868186376954,45.0,0,0.0,-1.8412199133744025,0,0,68,43,0,0,254.2731085422364,332.3457147792968,500.0,544.8175737433462,1.4027046574564048,0.0,332.3457147792968,500.0,0,0.0,46.22027840080261
btc-updown-15m-1778812200,Up,1778812200,15m,3,2,0,0,0,0,6.759996280670143,0.0,10.974002561450021,13.36999994277954,0.06367830919163231,0.0,6.759996280670143,0.0,1,6.6100036621093965,2.4596756905211503,3,2,0,0,0,0,6.759996280670143,0.0,10.974002561450021,13.36999994277954,0.06367830919163231,0.0,6.759996280670143,0.0,1,6.6100036621093965,2.4596756905211503,3,2,0,0,0,0,6.759996280670143,0.0,10.974002561450021,13.36999994277954,0.06367830919163231,0.0,6.759996280670143,0.0,1,6.6100036621093965,2.4596756905211503,3,2,0,0,0,0,6.759996280670143,0.0,10.974002561450021,13.36999994277954,0.06367830919163231,0.0,6.759996280670143,0.0,1,6.6100036621093965,2.4596756905211503,3,2,0,0,0,0,6.759996280670143,0.0,10.974002561450021,13.36999994277954,0.06367830919163231,0.0,6.759996280670143,0.0,2,6.6100036621093965,2.4596756905211503,7,2,0,0,0,0,51.76999628067014,0.0,25.03240266489984,58.37999994277954,0.19883380574901494,0.0,51.76999628067014,0.0,1,6.6100036621093965,33.54643108362872,3,2,0,0,0,0,6.759996280670143,0.0,10.974002561450021,13.36999994277954,0.06367830919163231,0.0,6.759996280670143,0.0,1,6.6100036621093965,2.4596756905211503,0,0,12,10,0,0,1.182503000000004,0.0,50.0,49.926726215900395,0.34223613809603837,0.0,1.182503000000004,0.0,0,0.0,0.26896235399643587,0,0,14,34,0,0,138.42369376293945,70.94181954223632,200.0,250.7825816485485,0.5494472621245544,0.0,138.42369376293945,35.47090977111816,0,0.0,51.332028910673046,0,0,36,38,0,0,351.182503,336.1053725585938,500.0,511.635266349306,0.8922138377550146,0.0,351.182503,499.99999999999994,0,0.0,12.527480187060974
btc-updown-15m-1778813100,Up,1778813100,15m,5,2,0,0,0,0,0.0,3.079999885559081,16.074600483798985,16.920000114440917,0.12011935744386476,0.0,0.0,1.5399999427795406,3,16.920000114440917,0.9655189880857975,5,4,0,0,0,0,0.0,33.07999988555908,25.97460087718964,16.920000114440917,0.21298135931640425,0.0,0.0,16.500000655651093,3,16.920000114440917,-8.841619403432318,5,4,0,0,0,0,0.0,34.73999988555908,26.522400898957258,16.920000114440917,0.2181197234200181,0.0,0.0,17.04780067741871,3,16.920000114440917,-9.384281061096324,5,4,0,0,0,0,0.0,34.73999988555908,26.522400898957258,16.920000114440917,0.2181197234200181,0.0,0.0,17.04780067741871,3,16.920000114440917,-9.384281061096324,5,4,0,0,0,0,0.0,33.07999988555908,25.97460087718964,16.920000114440917,0.21298135931640425,0.0,0.0,16.500000655651093,4,16.920000114440917,-8.841619403432318,5,4,0,0,0,0,0.0,33.07999988555908,25.97460087718964,16.920000114440917,0.21298135931640425,0.0,0.0,16.500000655651093,2,16.920000114440917,-8.841619403432318,5,4,0,0,0,0,0.0,33.07999988555908,25.97460087718964,16.920000114440917,0.21298135931640425,0.0,0.0,16.500000655651093,2,16.920000114440917,-8.841619403432318,0,0,12,15,0,0,0.07052789509582169,0.0,50.0,51.68032676293754,0.34357699089520705,0.0,0.07052789509582169,0.0,0,0.0,2.023903753832748,0,0,13,25,0,0,154.99604799999997,109.48184169482423,200.0,219.9686508829941,0.45533641238059874,0.0,154.99604799999997,200.0,0,0.0,20.4239872953747,0,0,36,34,0,0,365.07052789509584,387.3664286185303,500.0,494.8154333346439,0.83537331702486,0.0,365.07052789509584,499.99999999999994,0,0.0,-4.349193348331255
btc-updown-15m-1778814000,Down,1778814000,15m,2,1,0,0,0,0,6.18,0.0,11.080200233459472,7.32,0.07161109171353146,0.0,0.0,6.615000128746033,1,7.32,-3.6885891417459398,2,1,0,0,0,0,6.18,0.0,11.080200233459472,7.32,0.07161109171353146,0.0,0.0,6.615000128746033,1,7.32,-3.6885891417459398,2,1,0,0,0,0,6.18,0.0,11.080200233459472,7.32,0.07161109171353146,0.0,0.0,6.615000128746033,1,7.32,-3.6885891417459398,2,1,0,0,0,0,6.18,0.0,11.080200233459472,7.32,0.07161109171353146,0.0,0.0,6.615000128746033,1,7.32,-3.6885891417459398,2,1,0,0,0,0,6.18,0.0,11.080200233459472,7.32,0.07161109171353146,0.0,0.0,6.615000128746033,1,7.32,-3.6885891417459398,3,1,0,0,0,0,24.98000038146973,0.0,21.42020066738129,7.32,0.1367530927215652,0.0,0.0,16.955000562667852,1,7.32,-13.963447574659725,2,1,0,0,0,0,6.18,0.0,11.080200233459472,7.32,0.07161109171353146,0.0,0.0,6.615000128746033,1,7.32,-3.6885891417459398,0,0,13,11,0,0,2.222957746582029,0.0,50.0,49.566290604847694,0.3417327605392403,0.0,0.0,1.1114788732910146,0,0.0,-0.0919766346130686,0,0,18,15,0,0,145.00000000000003,134.1816683215332,200.0,193.67446778067796,0.41133757644825847,0.0,134.1816683215332,200.0,0,0.0,-5.914194642873781,0,0,39,43,0,0,372.222957746582,335.0,500.0,482.91628994323617,1.0049337600485744,0.0,335.0,499.99999999999994,0,0.0,-16.07877629671526
btc-updown-15m-1778814900,Up,1778814900,15m,7,3,0,0,0,0,14.870000724792478,0.0,23.870900285375107,30.8700005531311,0.15371827904251048,0.0,14.870000724792478,0.0,3,15.999999828338623,7.152818546798503,8,3,0,0,0,0,17.720000419616696,0.0,25.01090018029212,33.72000024795532,0.16329427806468438,0.0,17.720000419616696,0.0,3,15.999999828338623,8.872394345727884,8,3,0,0,0,0,17.720000419616696,0.0,25.01090018029212,33.72000024795532,0.16329427806468438,0.0,17.720000419616696,0.0,3,15.999999828338623,8.872394345727884,8,3,0,0,0,0,17.720000419616696,0.0,25.01090018029212,33.72000024795532,0.16329427806468438,0.0,17.720000419616696,0.0,3,15.999999828338623,8.872394345727884,6,3,0,0,0,0,11.819999656677247,0.0,22.355899907302856,27.81999948501587,0.1428507755195661,0.0,11.819999656677247,0.0,4,15.999999828338623,5.60695035323258,9,5,0,0,0,0,0.0,32.279999580383304,106.51089845175741,83.72000024795533,0.6449642826876203,0.0,0.0,16.139999790191652,4,83.72000024795533,-22.145933921114462,8,3,0,0,0,0,17.7200004196167,0.0,25.01090018029212,33.720000247955326,0.16329427806468438,0.0,17.7200004196167,0.0,2,15.999999828338623,8.87239434572789,0,0,12,17,0,0,0.0,0.0,50.0,50.29999911785126,0.3493560006859299,0.0,0.0,0.0,0,0.0,0.6493551185371871,0,0,17,14,0,0,144.631486,145.0,200.0,200.75187283996434,0.3790260045143272,0.0,144.631486,200.0,0,0.0,1.1308988444786507,0,0,30,42,0,0,389.631486,360.31367520980837,500.0,515.4856232949683,0.8543660973418707,0.0,389.631486,500.00000000000006,0,0.0,16.339989392310144
btc-updown-15m-1778815800,Down,1778815800,15m,4,3,0,0,0,0,23.540000381469728,0.0,27.198800139307977,21.06,0.1513767926441602,0.0,0.0,10.182000049233437,3,21.06,-5.987423346663817,1,3,0,0,0,0,28.939999999999998,0.0,33.01679973244667,21.06,0.19798194956488413,0.0,0.0,15.999999642372133,3,21.06,-11.758817782881788,1,3,0,0,0,0,78.94,0.0,49.0167993748188,21.06,0.35030194776243967,0.0,0.0,31.999999284744266,3,21.06,-27.606497427056365,1,3,0,0,0,0,178.94,0.0,81.01679865956307,21.06,0.6549419441575507,0.0,0.0,63.999998569488525,3,21.06,-59.30185671540552,1,3,0,0,0,0,28.939999999999998,0.0,33.01679973244667,21.06,0.19798194956488413,0.0,0.0,15.999999642372133,3,21.06,-11.758817782881788,1,3,0,0,0,0,28.939999999999998,0.0,33.01679973244667,21.06,0.19798194956488413,0.0,0.0,15.999999642372133,2,21.06,-11.758817782881788,1,3,0,0,0,0,28.939999999999998,0.0,33.01679973244667,21.06,0.19798194956488413,0.0,0.0,15.999999642372133,2,21.06,-11.758817782881788,0,0,12,16,0,0,0.0,0.0,50.0,43.7499999627471,0.29319499967873086,0.0,0.0,0.0,0,0.0,-5.956805037574171,0,0,4,13,0,0,180.0,155.0,200.0,192.25000020116568,0.14408099877709124,0.0,155.0,200.0,0,0.0,-7.605918800057225,0,0,14,33,0,0,440.0,373.144738,500.0,484.50473679608797,0.41640060053051875,0.0,373.144738,500.00000000000006,0,0.0,-15.078862603381538
btc-updown-15m-1778816700,Up,1778816700,15m,2,3,0,0,0,0,12.299999914169312,0.0,13.811700352823733,20.0,0.09522076147021469,0.0,12.299999914169312,0.0,1,7.700000085830688,6.283520408646483,2,3,0,0,0,0,16.429999818801882,0.0,16.041900389945503,24.12999990463257,0.1095832490393103,0.0,16.429999818801882,0.0,1,7.700000085830688,8.197682763726377,2,3,0,0,0,0,16.429999818801882,0.0,16.041900389945503,24.12999990463257,0.1095832490393103,0.0,16.429999818801882,0.0,1,7.700000085830688,8.197682763726377,2,3,0,0,0,0,16.429999818801882,0.0,16.041900389945503,24.12999990463257,0.1095832490393103,0.0,16.429999818801882,0.0,1,7.700000085830688,8.197682763726377,2,3,0,0,0,0,16.429999818801882,0.0,16.041900389945503,24.12999990463257,0.1095832490393103,0.0,16.429999818801882,0.0,1,7.700000085830688,8.197682763726377,2,5,0,0,0,0,0.0,33.57000018119812,38.04190027073622,24.12999990463257,0.28206324883903877,0.0,0.0,25.011699804461003,1,24.12999990463257,-13.629837117264614,2,3,0,0,0,0,16.429999818801882,0.0,16.041900389945503,24.12999990463257,0.1095832490393103,0.0,16.429999818801882,0.0,1,7.700000085830688,8.197682763726377,0,0,14,14,0,0,0.0,2.920000343322755,50.0,49.43999837398529,0.3391639996395106,0.0,0.0,1.4600001716613775,0,0.0,-0.2208376263752001,0,0,14,15,0,0,141.94000076293946,146.75727373297119,200.0,199.53339891952572,0.38287174349245645,0.0,141.94000076293946,200.0,0,0.0,-0.0837293369818326,0,0,30,39,0,0,384.99999999999994,369.67727407629394,500.0,509.86679664224675,0.841372110338556,0.0,384.99999999999994,500.0,0,0.0,10.708168752585323
btc-updown-15m-1778817600,Down,1778817600,15m,0,1,0,0,0,0,0.0,6.16,4.003999853134156,6.16,0.0196196006168365,0.0,6.16,0.0,0,0.0,2.1756197474826813,0,1,0,0,0,0,0.0,6.16,4.003999853134156,6.16,0.0196196006168365,0.0,6.16,0.0,0,0.0,2.1756197474826813,0,1,0,0,0,0,0.0,6.16,4.003999853134156,6.16,0.0196196006168365,0.0,6.16,0.0,0,0.0,2.1756197474826813,0,1,0,0,0,0,0.0,6.16,4.003999853134156,6.16,0.0196196006168365,0.0,6.16,0.0,0,0.0,2.1756197474826813,0,1,0,0,0,0,0.0,6.16,4.003999853134156,6.16,0.0196196006168365,0.0,6.16,0.0,0,0.0,2.1756197474826813,0,1,0,0,0,0,0.0,6.16,4.003999853134156,6.16,0.0196196006168365,0.0,6.16,0.0,0,0.0,2.1756197474826813,0,1,0,0,0,0,0.0,6.16,4.003999853134156,6.16,0.0196196006168365,0.0,6.16,0.0,0,0.0,2.1756197474826813,0,0,13,15,0,0,0.0,2.2398203051757815,50.0,52.41515839104653,0.320618589182334,0.0,2.2398203051757815,0.0,0,0.0,2.735776980228863,0,0,6,16,0,0,180.0,132.23982030517578,200.0,186.66515918080808,0.24888958716042525,0.0,132.23982030517578,200.0,0,0.0,-13.085951232031505,0,0,20,21,0,0,420.0,427.23982030517584,500.0,503.0651581436873,0.43039959080703727,0.0,427.23982030517584,500.0,0,0.0,3.495557734494355
btc-updown-15m-1778818500,Down,1778818500,15m,7,5,0,0,0,0,7.1299993133544906,0.0,50.39159935516119,54.61,0.3785574520646141,0.0,0.0,3.5649996566772453,4,54.61,4.596958096903421,7,6,0,0,0,0,23.299999694824212,0.0,82.22929939541817,88.73000000000002,0.6518449994769228,0.0,0.0,42.98040045294762,5,88.73000000000002,7.152545604058773,9,6,0,0,0,0,34.57999999850988,0.0,115.02479863999787,122.29,0.9083213454478637,0.0,0.0,61.70040013907851,8,122.29,8.173522705449997,9,6,0,0,0,0,34.57999999850988,0.0,115.02479863999787,122.29,0.9083213454478637,0.0,0.0,61.70040013907851,8,122.29,8.173522705449997,7,6,0,0,0,0,23.299999694824212,0.0,82.22929939541817,88.73000000000002,0.6518449994769228,0.0,0.0,42.98040045294762,7,88.73000000000002,7.152545604058773,7,6,0,0,0,0,23.299999694824212,0.0,82.22929939541817,88.73000000000002,0.6518449994769228,0.0,0.0,42.98040045294762,5,88.73000000000002,7.152545604058773,7,6,0,0,0,0,23.299999694824212,0.0,82.22929939541817,88.73000000000002,0.6518449994769228,0.0,0.0,42.98040045294762,5,88.73000000000002,7.152545604058773,0,0,13,12,0,0,0.0,0.0,50.0,49.19999957084656,0.33237400132513034,0.0,0.0,0.0,0,0.0,-0.4676264278283142,0,0,9,19,0,0,160.0,125.0,200.0,182.39999994635582,0.3817520011465547,0.0,125.0,200.0,0,0.0,-17.218248052497614,0,0,16,34,0,0,435.0,378.8347086866455,500.0,475.5557006426001,0.6210218904367242,0.0,378.8347086866455,499.99999999999994,0,0.0,-23.82327746696319
btc-updown-15m-1778819400,Up,1778819400,15m,2,4,0,0,0,0,0.0,20.65000289916993,22.78819816969639,15.82999710083007,0.17981565359479512,0.0,0.0,16.051199913024902,2,15.82999710083007,-6.778385415271526,2,3,0,0,0,0,0.0,22.22000457763673,23.478998904478605,15.82999710083007,0.18523153137854564,0.0,0.0,16.742000647807117,2,15.82999710083007,-7.46377027226999,2,3,0,0,0,0,0.0,22.22000457763673,23.478998904478605,15.82999710083007,0.18523153137854564,0.0,0.0,16.742000647807117,2,15.82999710083007,-7.46377027226999,2,3,0,0,0,0,0.0,22.22000457763673,23.478998904478605,15.82999710083007,0.18523153137854564,0.0,0.0,16.742000647807117,2,15.82999710083007,-7.46377027226999,2,3,0,0,0,0,0.0,22.22000457763673,23.478998904478605,15.82999710083007,0.18523153137854564,0.0,0.0,16.742000647807117,2,15.82999710083007,-7.46377027226999,2,3,0,0,0,0,0.0,22.22000457763673,23.478998904478605,15.82999710083007,0.18523153137854564,0.0,0.0,16.742000647807117,2,15.82999710083007,-7.46377027226999,2,3,0,0,0,0,0.0,22.22000457763673,23.478998904478605,15.82999710083007,0.18523153137854564,0.0,0.0,16.742000647807117,2,15.82999710083007,-7.46377027226999,0,0,13,14,0,0,0.6225007629394526,4.999999999999999,50.0,49.49879950189592,0.32877073391312944,0.0,0.6225007629394526,2.4999999999999996,0,0.0,-0.17242976419095157,0,0,24,17,0,0,120.00000000000006,145.0,200.0,187.69999921321875,0.4645199997830387,0.0,120.00000000000006,200.0,0,0.0,-11.835480786998204,0,0,32,24,0,0,380.62250076293947,424.99999999999994,500.0,478.24879905486114,0.6699577334491666,0.0,380.62250076293947,500.00000000000006,0,0.0,-21.081243211689696
btc-updown-15m-1778820300,Down,1778820300,15m,5,2,0,0,0,0,20.490000190734865,0.0,18.875099364459523,12.019999809265137,0.14707866564048894,0.0,0.0,12.504499809443955,1,12.019999809265137,-6.708020889553897,5,2,0,0,0,0,50.49000019073486,0.0,31.475098971068867,12.019999809265137,0.2493906647592938,0.0,0.0,25.104499416053297,1,12.019999809265137,-19.205708497044437,6,2,0,0,0,0,100.49000019073486,0.0,52.47509831541777,12.019999809265137,0.4199106632906352,0.0,0.0,46.1044987604022,1,12.019999809265137,-40.035187842861994,6,2,0,0,0,0,200.49000019073486,0.0,94.4750970041156,12.019999809265137,0.7609506603533182,0.0,0.0,88.10449744910002,1,12.019999809265137,-81.69414653449714,5,2,0,0,0,0,50.49000019073486,0.0,31.475098971068867,12.019999809265137,0.2493906647592938,0.0,0.0,25.104499416053297,2,12.019999809265137,-19.205708497044437,5,8,0,0,0,0,0.490000190734861,0.0,52.97509932869674,62.019999809265144,0.42096066546024447,0.0,0.0,0.2450000953674305,2,62.019999809265144,9.465861146028644,5,2,0,0,0,0,50.49000019073486,0.0,31.475098971068867,12.019999809265137,0.2493906647592938,0.0,0.0,25.104499416053297,1,12.019999809265137,-19.205708497044437,0,0,12,15,0,0,3.5029421689453173,0.0,50.0,48.26349843647955,0.3340976071325401,0.0,0.0,1.7514710844726586,0,0.0,-1.4024039563879072,0,0,17,13,0,0,140.0,150.0,200.0,207.75000028312206,0.35924699769604174,0.0,150.0,200.0,0,0.0,8.109247280818096,0,0,49,28,0,0,343.50294216894525,389.99999999999994,500.0,523.5634977033424,0.8686176085010624,0.0,389.99999999999994,500.00000000000006,0,0.0,24.432115311843404
btc-updown-15m-1778821200,Up,1778821200,15m,5,7,0,0,0,0,0.0,0.20000076293945312,57.210000644326215,60.0,0.35960540726969237,0.0,0.0,0.10000038146972656,6,60.0,3.1496047629434756,5,4,0,0,0,0,54.140000381469726,0.0,66.4949004237294,91.97000030517577,0.41118038181736705,0.0,54.140000381469726,0.0,2,37.829999923706055,25.886280263263743,8,4,0,0,0,0,104.1400003814697,0.0,100.99490030452013,141.97000030517574,0.5609103824515604,0.0,104.1400003814697,0.0,2,37.829999923706055,41.53601038310718,8,4,0,0,0,0,105.6200004863739,0.0,102.01610037337541,143.45000041007995,0.5653423907844787,0.0,105.6200004863739,0.0,2,37.829999923706055,41.99924242748902,3,4,0,0,0,0,4.140000381469726,0.0,31.9949005429387,41.97000030517578,0.26145038118317354,0.0,4.140000381469726,0.0,3,37.829999923706055,10.236550143420253,5,4,0,0,0,0,54.140000381469726,0.0,66.4949004237294,91.97000030517577,0.41118038181736705,0.0,54.140000381469726,0.0,1,37.829999923706055,25.886280263263743,5,4,0,0,0,0,54.140000381469726,0.0,66.4949004237294,91.97000030517577,0.41118038181736705,0.0,54.140000381469726,0.0,1,37.829999923706055,25.886280263263743,0,0,14,15,0,0,3.2000004577636645,0.6116469155273307,50.0,54.82475817051161,0.330828643578082,0.0,3.2000004577636645,0.3058234577636654,0,0.0,5.155586814089688,0,0,16,9,0,0,139.170216,168.315791,200.0,191.13823257928698,0.29370264189730216,0.0,139.170216,200.0,0,0.0,-8.56806477881571,0,0,48,34,0,0,337.92577441143794,395.3571027247924,500.0,480.90932859729304,0.867412277597321,0.0,337.92577441143794,500.00000000000006,0,0.0,-18.22325912510962
btc-updown-15m-1778822100,Down,1778822100,15m,3,3,0,0,0,0,1.2499999809265132,0.0,21.11589980762005,20.42,0.14432195487575428,0.0,0.0,0.6249999904632566,2,20.42,-0.5515778527442947,3,2,0,0,0,0,0.0,21.259998950958252,30.778399512839314,42.92999893188477,0.22153924553250018,0.0,21.259998950958252,0.0,2,21.669999980926516,12.37313866457795,3,2,0,0,0,0,0.0,21.259998950958252,30.778399512839314,42.92999893188477,0.22153924553250018,0.0,21.259998950958252,0.0,2,21.669999980926516,12.37313866457795,3,2,0,0,0,0,0.0,21.259998950958252,30.778399512839314,42.92999893188477,0.22153924553250018,0.0,21.259998950958252,0.0,2,21.669999980926516,12.37313866457795,3,2,0,0,0,0,0.0,21.259998950958252,30.778399512839314,42.92999893188477,0.22153924553250018,0.0,21.259998950958252,0.0,2,21.669999980926516,12.37313866457795,3,2,0,0,0,0,0.0,21.259998950958252,30.778399512839314,42.92999893188477,0.22153924553250018,0.0,21.259998950958252,0.0,2,21.669999980926516,12.37313866457795,3,2,0,0,0,0,0.0,21.259998950958252,30.778399512839314,42.92999893188477,0.22153924553250018,0.0,21.259998950958252,0.0,2,21.669999980926516,12.37313866457795,0,0,12,12,0,0,0.0,4.0,50.0,52.449999421834946,0.3205510005524157,0.0,4.0,0.0,0,0.0,2.770550422387359,0,0,10,11,0,0,165.0,165.0,200.0,200.60000002384186,0.23847600009345987,0.0,165.0,200.0,0,0.0,0.8384760239353284,0,0,32,17,0,0,374.63443399999994,429.0,500.0,529.5608480914145,0.6652670575335748,0.0,429.0,500.0,0,0.0,30.22611514894811
btc-updown-15m-1778823000,Down,1778823000,15m,5,4,0,0,0,0,0.0,21.580000000000002,52.33140079587698,60.0,0.2656508689452117,0.0,21.580000000000002,0.0,4,38.42,7.934250073068235,6,7,0,0,0,0,0.0,9.990000000000006,69.58680206626653,78.41000000000001,0.4463786039992885,0.0,9.990000000000006,0.0,5,68.42,9.269576537732775,8,8,0,0,0,0,0.0,19.419999895095827,102.1230021869302,108.86000000000001,0.5771025994678325,0.0,19.419999895095827,0.0,7,89.44000010490419,7.314100412537655,8,8,0,0,0,0,0.0,19.419999895095827,102.1230021869302,108.86000000000001,0.5771025994678325,0.0,19.419999895095827,0.0,7,89.44000010490419,7.314100412537655,6,7,0,0,0,0,0.0,9.990000000000006,69.58680206626653,78.41000000000001,0.4463786039992885,0.0,9.990000000000006,0.0,6,68.42,9.269576537732775,6,8,0,0,0,0,0.0,40.44000000000001,94.55580184847116,108.86000000000001,0.5093004859507351,0.0,40.44000000000001,0.0,4,68.42,14.813498637479583,6,7,0,0,0,0,0.0,9.990000000000009,69.58680206626653,78.41000000000001,0.4463786039992885,0.0,9.990000000000009,0.0,4,68.42,9.269576537732775,0,0,12,14,0,0,2.0175449999999984,2.6744201525878886,50.0,42.4713382092753,0.2937324341906935,0.0,2.6744201525878886,1.0087724999999992,0,0.0,-7.234929356534003,0,0,5,20,0,0,180.0,125.00000015258789,200.0,183.650000115782,0.2449509947664436,0.0,125.00000015258789,200.0,0,0.0,-16.105048889451552,0,0,23,42,0,0,402.017545,347.6744201525879,500.0,466.1213375223318,0.5876834334288266,0.0,347.6744201525879,500.0,0,0.0,-33.29097904423935
btc-updown-15m-1778823900,Down,1778823900,15m,4,0,0,0,0,0,17.11999877929687,0.0,7.361599597549429,0.0,0.058745564051284754,0.0,0.0,7.361599597549428,0,0.0,-7.302854033498144,4,0,0,0,0,0,17.11999877929687,0.0,7.361599597549429,0.0,0.058745564051284754,0.0,0.0,7.361599597549428,0,0.0,-7.302854033498144,4,0,0,0,0,0,17.11999877929687,0.0,7.361599597549429,0.0,0.058745564051284754,0.0,0.0,7.361599597549428,0,0.0,-7.302854033498144,4,0,0,0,0,0,17.11999877929687,0.0,7.361599597549429,0.0,0.058745564051284754,0.0,0.0,7.361599597549428,0,0.0,-7.302854033498144,4,0,0,0,0,0,17.11999877929687,0.0,7.361599597549429,0.0,0.058745564051284754,0.0,0.0,7.361599597549428,0,0.0,-7.302854033498144,5,0,0,0,0,0,26.29999877929687,0.0,10.849999553775778,0.0,0.08902487590420528,0.0,0.0,10.849999553775778,0,0.0,-10.760974677871573,4,0,0,0,0,0,17.11999877929687,0.0,7.361599597549429,0.0,0.058745564051284754,0.0,0.0,7.361599597549428,0,0.0,-7.302854033498144,0,0,13,12,0,0,0.0,0.0,50.0,51.49999901652336,0.34844600083613375,0.0,0.0,0.0,0,0.0,1.848445017359495,0,0,10,16,0,0,159.019312,150.2307255422363,200.0,196.0932326276449,0.2931182626928922,0.0,150.2307255422363,199.99999999999997,0,0.0,-3.613649109662191,0,0,48,40,0,0,335.08200288555906,350.0,500.0,515.2702175361885,1.0515962195909418,0.0,350.0,500.00000000000006,0,0.0,16.32181375577943
btc-updown-15m-1778824800,Up,1778824800,15m,3,4,0,0,0,0,12.290000190734863,0.0,32.34849947601557,40.0,0.23578134907432796,0.0,12.290000190734863,0.0,4,27.709999809265135,7.887281873058761,5,4,0,0,0,0,36.930000190734866,0.0,53.2676990583539,75.0,0.3933538125766262,0.0,36.930000190734866,0.0,4,38.069999809265134,22.125654754222722,5,4,0,0,0,0,41.70000064849854,0.0,55.414199207484714,79.77000045776367,0.4098818640831694,0.0,41.70000064849854,0.0,4,38.069999809265134,24.765683114362133,5,4,0,0,0,0,41.70000064849854,0.0,55.414199207484714,79.77000045776367,0.4098818640831694,0.0,41.70000064849854,0.0,4,38.069999809265134,24.765683114362133,5,4,0,0,0,0,36.930000190734866,0.0,53.2676990583539,75.0,0.3933538125766262,0.0,36.930000190734866,0.0,4,38.069999809265134,22.125654754222722,7,4,0,0,0,0,37.69000064909459,0.0,57.33650073404313,75.76000045835973,0.39642104595519234,0.0,37.69000064909459,0.0,3,38.069999809265134,18.819920770271793,5,4,0,0,0,0,36.930000190734866,0.0,53.2676990583539,75.0,0.3933538125766262,0.0,36.930000190734866,0.0,3,38.069999809265134,22.125654754222722,0,0,11,11,0,0,0.0,3.111113000000003,50.0,48.49999883541995,0.33665799338675917,0.0,0.0,1.5555565000000016,0,0.0,-1.16334317119329,0,0,22,24,0,0,120.0,105.0,200.0,209.54999953508377,0.5926830004138944,0.0,120.0,200.0,0,0.0,10.14268253549767,0,0,48,48,0,0,325.0,318.11111299999993,500.0,507.59999641547137,1.2215699950924048,0.0,325.0,500.0,0,0.0,8.821566410563776
btc-updown-15m-1778825700,Up,1778825700,15m,2,0,0,0,0,0,20.0,0.0,14.40000057220459,20.0,0.05644799647521951,0.0,20.0,0.0,0,0.0,5.656447424270631,4,0,0,0,0,0,50.0,0.0,36.000001430511475,50.0,0.14111999118804877,0.0,50.0,0.0,0,0.0,14.141118560676574,7,0,0,0,0,0,100.0,0.0,72.00000286102295,100.0,0.2822399823760975,0.0,100.0,0.0,0,0.0,28.28223712135315,10,0,0,0,0,0,200.00000000000003,0.0,144.00000572204593,200.00000000000003,0.564479964752195,0.0,200.00000000000003,0.0,0,0.0,56.5644742427063,4,0,0,0,0,0,50.0,0.0,36.000001430511475,50.0,0.14111999118804877,0.0,50.0,0.0,0,0.0,14.141118560676574,4,0,0,0,0,0,50.0,0.0,36.000001430511475,50.0,0.14111999118804877,0.0,50.0,0.0,0,0.0,14.141118560676574,4,0,0,0,0,0,50.0,0.0,36.000001430511475,50.0,0.14111999118804877,0.0,50.0,0.0,0,0.0,14.141118560676574,0,0,13,13,0,0,3.030000686645508,4.0,50.0,50.28469945340157,0.3229772399534374,0.0,3.030000686645508,2.0,0,0.0,0.6076766933550104,0,0,18,17,0,0,128.8433843051758,135.625003,200.0,199.0026388291789,0.456023745766412,0.0,128.8433843051758,200.0,0,0.0,-0.5413374250547065,0,0,38,30,0,0,364.0300006866455,379.8,500.0,496.5826987936974,0.8345621622440769,0.0,364.0300006866455,499.99999999999994,0,0.0,-2.582739044058542
btc-updown-15m-1778826600,Up,1778826600,15m,6,1,0,0,0,0,0.0,5.859998817443845,17.59980079841614,14.140001182556155,0.11183247905897514,0.0,0.0,8.199999928474426,3,14.140001182556155,-3.34796713680101,6,2,0,0,0,0,0.0,19.75999843597412,23.29880059230328,14.140001182556155,0.1589062176418199,0.0,0.0,13.898999722361566,3,14.140001182556155,-8.999893192105306,6,2,0,0,0,0,0.0,19.75999843597412,23.29880059230328,14.140001182556155,0.1589062176418199,0.0,0.0,13.898999722361566,3,14.140001182556155,-8.999893192105306,6,2,0,0,0,0,0.0,19.75999843597412,23.29880059230328,14.140001182556155,0.1589062176418199,0.0,0.0,13.898999722361566,3,14.140001182556155,-8.999893192105306,6,2,0,0,0,0,0.0,19.75999843597412,23.29880059230328,14.140001182556155,0.1589062176418199,0.0,0.0,13.898999722361566,4,14.140001182556155,-8.999893192105306,6,3,0,0,0,0,0.0,25.209998207092283,25.642300532865526,14.140001182556155,0.1776073469328384,0.0,0.0,16.242499662923812,2,14.140001182556155,-11.324692003376533,6,2,0,0,0,0,0.0,19.75999843597412,23.29880059230328,14.140001182556155,0.1589062176418199,0.0,0.0,13.898999722361566,2,14.140001182556155,-8.999893192105306,0,0,13,12,0,0,0.0,0.7316368392333974,50.0,48.01587550142265,0.3275061417846394,0.0,0.0,0.3658184196166987,0,0.0,-1.6566183567927126,0,0,13,13,0,0,150.0,155.7316368392334,200.0,199.61587621071791,0.30412614064976695,0.0,150.0,200.0,0,0.0,-0.07999764863231462,0,0,28,21,0,0,395.0,412.8787824196167,500.0,494.76437411405163,0.6190914842396609,0.0,395.0,500.0,0,0.0,-4.616534401708691
btc-updown-15m-1778827500,Down,1778827500,15m,2,3,0,0,0,0,3.980000152587894,0.0,19.24979993495941,16.019999847412105,0.12467557178931424,0.0,0.0,1.990000076293947,2,16.019999847412105,-3.105124515757989,3,3,0,0,0,0,10.980000152587895,0.0,23.239799884891507,16.019999847412105,0.14869537188744733,0.0,0.0,15.389999806880951,2,16.019999847412105,-7.071104665591953,3,3,0,0,0,0,10.980000152587895,0.0,23.239799884891507,16.019999847412105,0.14869537188744733,0.0,0.0,15.389999806880951,2,16.019999847412105,-7.071104665591953,3,3,0,0,0,0,10.980000152587895,0.0,23.239799884891507,16.019999847412105,0.14869537188744733,0.0,0.0,15.389999806880951,2,16.019999847412105,-7.071104665591953,3,3,0,0,0,0,10.980000152587895,0.0,23.239799884891507,16.019999847412105,0.14869537188744733,0.0,0.0,15.389999806880951,2,16.019999847412105,-7.071104665591953,6,3,0,0,0,0,60.9800001525879,0.0,48.23979988489151,16.019999847412105,0.32369537188744735,0.0,0.0,40.38999980688095,2,16.019999847412105,-31.89610466559196,3,3,0,0,0,0,10.980000152587895,0.0,23.239799884891507,16.019999847412105,0.14869537188744733,0.0,0.0,15.389999806880951,2,16.019999847412105,-7.071104665591953,0,0,11,14,0,0,0.0,4.388433942779546,50.0,53.1003323638692,0.3326376256152461,0.0,4.388433942779546,0.0,0,0.0,3.432969989484448,0,0,14,11,0,0,145.0,150.0,200.0,202.64999970793724,0.36099700001168233,0.0,150.0,200.0,0,0.0,3.0109967079489195,0,0,26,39,0,0,385.0,359.38843394277956,500.0,492.5503308022275,0.8790366266900365,0.0,359.38843394277956,500.0,0,0.0,-6.570632571082456
btc-updown-15m-1778828400,Up,1778828400,15m,5,3,0,0,0,0,0.0,12.179999999999996,14.540999673008919,11.120000000000001,0.09985737959908961,0.0,0.0,6.756999805569649,1,11.120000000000001,-3.321142293409828,5,3,0,0,0,0,0.0,42.17999999999999,23.24099942266941,11.120000000000001,0.18633537812709328,0.0,0.0,15.45699955523014,1,11.120000000000001,-11.934664044542316,5,3,0,0,0,0,0.0,53.20999980926513,26.43969927531481,11.120000000000001,0.218130455036077,0.0,0.0,18.655699407875538,1,11.120000000000001,-15.10156882027873,5,3,0,0,0,0,0.0,53.20999980926513,26.43969927531481,11.120000000000001,0.218130455036077,0.0,0.0,18.655699407875538,1,11.120000000000001,-15.10156882027873,5,3,0,0,0,0,0.0,42.18,23.24099942266941,11.12,0.18633537812709328,0.0,0.0,15.456999555230142,2,11.12,-11.934664044542318,5,3,0,0,0,0,0.0,42.17999999999999,23.24099942266941,11.120000000000001,0.18633537812709328,0.0,0.0,15.45699955523014,1,11.120000000000001,-11.934664044542316,5,3,0,0,0,0,0.0,42.17999999999999,23.24099942266941,11.120000000000001,0.18633537812709328,0.0,0.0,15.45699955523014,1,11.120000000000001,-11.934664044542316,0,0,11,13,0,0,8.881784197001252e-16,2.731375237060548,50.0,54.40699714715004,0.3308680124141353,0.0,8.881784197001252e-16,1.365687618530274,0,0.0,4.737865159564173,0,0,12,15,0,0,158.284213,145.0,200.0,203.1195798321402,0.30591263666772694,0.0,158.284213,200.0,0,0.0,3.4254924688079313,0,0,24,25,0,0,405.0,407.7313752370605,500.0,506.1069968670082,0.6038960150727406,0.0,405.0,500.0,0,0.0,6.710892882080941
btc-updown-15m-1778829300,Up,1778829300,15m,1,0,0,0,0,0,7.829999771118164,0.0,3.914999885559082,7.829999771118164,0.02740499919891358,0.0,7.829999771118164,0.0,0,0.0,3.9424048847579956,1,0,0,0,0,0,7.829999771118164,0.0,3.914999885559082,7.829999771118164,0.02740499919891358,0.0,7.829999771118164,0.0,0,0.0,3.9424048847579956,1,0,0,0,0,0,7.829999771118164,0.0,3.914999885559082,7.829999771118164,0.02740499919891358,0.0,7.829999771118164,0.0,0,0.0,3.9424048847579956,1,0,0,0,0,0,7.829999771118164,0.0,3.914999885559082,7.829999771118164,0.02740499919891358,0.0,7.829999771118164,0.0,0,0.0,3.9424048847579956,1,0,0,0,0,0,7.829999771118164,0.0,3.914999885559082,7.829999771118164,0.02740499919891358,0.0,7.829999771118164,0.0,0,0.0,3.9424048847579956,4,0,0,0,0,0,48.41,0.0,27.04559972577095,48.41,0.1666512125531902,0.0,48.41,0.0,0,0.0,21.53105148678224,1,0,0,0,0,0,7.829999771118164,0.0,3.914999885559082,7.829999771118164,0.02740499919891358,0.0,7.829999771118164,0.0,0,0.0,3.9424048847579956,0,0,13,11,0,0,1.6900079155273389,4.0,50.0,52.141502554427525,0.3216503248668166,0.0,1.6900079155273389,2.0,0,0.0,2.4631528792943413,0,0,15,17,0,0,146.69000791552733,134.95056853405762,200.0,204.52561052807033,0.3849593528210132,0.0,146.69000791552733,200.0,0,0.0,4.91056988089133,0,0,22,37,0,0,411.69000791552736,349.0,500.0,533.34150155903,0.7876963263705223,0.0,411.69000791552736,500.0,0,0.0,34.12919788540057
btc-updown-15m-1778830200,Down,1778830200,15m,5,1,0,0,0,0,0.0,7.739999885559083,20.77680035266876,20.0,0.08357826251144787,0.0,7.739999885559083,0.0,2,12.260000114440917,-0.6932220901573132,5,1,0,0,0,0,0.0,37.73999988555909,44.776800710296634,50.0,0.15077825950737372,0.0,37.73999988555909,0.0,2,12.260000114440917,5.373977549210743,5,3,0,0,0,0,0.0,58.37999988555909,61.28880095634461,70.64,0.19701185744057073,0.0,58.37999988555909,0.0,2,12.260000114440917,9.548210901095963,5,3,0,0,0,0,0.0,58.37999988555909,61.28880095634461,70.64,0.19701185744057073,0.0,58.37999988555909,0.0,2,12.260000114440917,9.548210901095963,4,1,0,0,0,0,0.0,42.41999988555908,42.76440067682266,50.0,0.13471930744176475,0.0,42.41999988555908,0.0,2,7.580000114440917,7.370318630619103,6,1,0,0,0,0,0.0,32.360001716613766,46.49840008587839,50.0,0.16716788573530578,0.0,32.360001716613766,0.0,2,17.63999828338623,3.6687677998569157,5,1,0,0,0,0,0.0,37.73999988555909,44.776800710296634,50.0,0.15077825950737372,0.0,37.73999988555909,0.0,2,12.260000114440917,5.373977549210743,0,0,13,11,0,0,0.0,0.0,50.0,47.89999954402447,0.3343340006951092,0.0,0.0,0.0,0,0.0,-1.7656664552804244,0,0,3,16,0,0,190.0,125.0,200.0,183.0500003695488,0.2252529970259664,0.0,125.0,200.0,0,0.0,-16.72474663342524,0,0,20,43,0,0,415.0,310.0,500.0,473.1999985128641,0.702996011266946,0.0,310.0,500.00000000000006,0,0.0,-26.09700547586897
btc-updown-15m-1778836500,Up,1778836500,15m,5,2,0,0,0,0,20.0,0.0,26.99999988079071,40.0,0.20162800044727325,0.0,20.0,0.0,2,20.0,13.201628119656561,7,3,0,0,0,0,43.45999998092651,0.0,65.08019966373443,93.45999998092651,0.4827273649424248,0.0,43.45999998092651,0.0,3,50.0,28.8625276821345,8,3,0,0,0,0,44.17999998092652,0.0,73.09779957661628,102.0599999809265,0.5388915569753895,0.0,44.17999998092652,0.0,4,57.879999999999995,29.50109196128561,8,3,0,0,0,0,44.17999998092652,0.0,73.09779957661628,102.0599999809265,0.5388915569753895,0.0,44.17999998092652,0.0,4,57.879999999999995,29.50109196128561,7,3,0,0,0,0,43.45999998092651,0.0,65.08019966373443,93.45999998092651,0.4827273649424248,0.0,43.45999998092651,0.0,4,50.0,28.8625276821345,7,3,0,0,0,0,43.45999998092651,0.0,65.08019966373443,93.45999998092651,0.4827273649424248,0.0,43.45999998092651,0.0,2,50.0,28.8625276821345,7,3,0,0,0,0,43.45999998092651,0.0,65.08019966373443,93.45999998092651,0.4827273649424248,0.0,43.45999998092651,0.0,2,50.0,28.8625276821345,0,0,12,13,0,0,3.235472272460953,0.8000000238418608,50.0,49.42950895395833,0.33301408862992044,0.0,3.235472272460953,0.4000000119209304,0,0.0,-0.23747695741174368,0,0,6,13,0,0,170.0,155.0,200.0,209.75000008940697,0.25295900009012195,0.0,170.0,200.0,0,0.0,10.002959089497097,0,0,15,40,0,0,438.2354722724609,350.8000000238419,500.0,552.3295079764421,0.7150600919277259,0.0,438.2354722724609,500.00000000000006,0,0.0,53.04456806836981
btc-updown-15m-1778837400,Down,1778837400,15m,2,6,0,0,0,0,0.0,9.999999256134037,23.503400340223305,32.93999925613404,0.1820957869379195,0.0,9.999999256134037,0.0,3,22.94,9.618694702848654,2,7,0,0,0,0,0.0,32.93999925613404,48.05720030202865,82.93999925613403,0.40662114942650973,0.0,32.93999925613404,0.0,5,50.0,35.289420103531896,2,7,0,0,0,0,0.0,82.93999925613403,60.057200033807746,132.93999925613403,0.5343011474738616,0.0,82.93999925613403,0.0,5,50.0,73.41710036980014,2,7,0,0,0,0,0.0,182.93999925613403,84.05719949736594,232.93999925613403,0.7896611435685652,0.0,182.93999925613403,0.0,5,50.0,149.67246090233664,2,7,0,0,0,0,0.0,32.93999925613404,48.05720030202865,82.93999925613403,0.40662114942650973,0.0,32.93999925613404,0.0,7,50.0,35.289420103531896,3,7,0,0,0,0,0.0,29.999999256134036,50.2034003581047,82.93999925613403,0.41473378506537995,0.0,29.999999256134036,0.0,3,52.94,33.15133268309471,2,7,0,0,0,0,0.0,32.93999925613404,48.05720030202865,82.93999925613403,0.40662114942650973,0.0,32.93999925613404,0.0,3,50.0,35.289420103531896,0,0,14,13,0,0,2.1556719999999965,0.0,50.0,49.45749243540001,0.3415723100662759,0.0,0.0,1.0778359999999982,0,0.0,-0.20093525453371086,0,0,18,15,0,0,135.0,140.0,200.0,204.80000011622906,0.40748400011098346,0.0,140.0,200.0,0,0.0,5.207484116340055,0,0,41,35,0,0,348.6064431525879,358.6292395803833,500.0,507.73139550142776,0.9616509092116252,0.0,358.6292395803833,500.0,0,0.0,8.693046410639397
btc-updown-15m-1778838300,Up,1778838300,15m,2,3,0,0,0,0,0.0,9.6,8.111999756097795,5.4,0.06660695975426667,0.0,0.0,5.249999910593033,1,5.4,-2.645392796343528,2,3,0,0,0,0,0.0,9.6,8.111999756097795,5.4,0.06660695975426667,0.0,0.0,5.249999910593033,1,5.4,-2.645392796343528,2,3,0,0,0,0,0.0,9.6,8.111999756097795,5.4,0.06660695975426667,0.0,0.0,5.249999910593033,1,5.4,-2.645392796343528,2,3,0,0,0,0,0.0,9.6,8.111999756097795,5.4,0.06660695975426667,0.0,0.0,5.249999910593033,1,5.4,-2.645392796343528,2,3,0,0,0,0,0.0,9.6,8.111999756097795,5.4,0.06660695975426667,0.0,0.0,5.249999910593033,1,5.4,-2.645392796343528,2,3,0,0,0,0,0.0,9.6,8.111999756097795,5.4,0.06660695975426667,0.0,0.0,5.249999910593033,1,5.4,-2.645392796343528,2,3,0,0,0,0,0.0,9.6,8.111999756097795,5.4,0.06660695975426667,0.0,0.0,5.249999910593033,1,5.4,-2.645392796343528,0,0,12,10,0,0,0.0,0.0,50.0,47.6999993622303,0.34392399994826284,0.0,0.0,0.0,0,0.0,-1.9560766378214396,0,0,21,30,0,0,112.19999999999999,85.0,200.0,214.53000048995017,0.6774109991338249,0.0,112.19999999999999,42.5,0,0.0,15.207411489083995,0,0,52,33,0,0,282.2,365.0,500.0,467.32999737262725,1.183749004187344,0.0,282.2,500.0,0,0.0,-31.486253623185405
btc-updown-15m-1778839200,Up,1778839200,15m,4,4,0,0,0,0,0.0,1.9999994659423836,29.691199828600894,26.86,0.1833717165214621,0.0,0.0,0.9999997329711918,4,26.86,-2.6478281120794307,4,1,0,0,0,0,0.0,5.520000000000003,37.07460075795651,30.86,0.21868584775326028,0.0,0.0,2.7600000000000016,4,30.86,-5.9959149102032505,4,1,0,0,0,0,0.0,5.520000000000003,37.07460075795651,30.86,0.21868584775326028,0.0,0.0,2.7600000000000016,4,30.86,-5.9959149102032505,4,1,0,0,0,0,0.0,5.520000000000003,37.07460075795651,30.86,0.21868584775326028,0.0,0.0,2.7600000000000016,4,30.86,-5.9959149102032505,4,1,0,0,0,0,0.0,5.520000000000003,37.07460075795651,30.86,0.21868584775326028,0.0,0.0,2.7600000000000016,4,30.86,-5.9959149102032505,4,4,0,0,0,0,0.0,14.379999465942387,42.30200021049978,30.86,0.24869112253017472,0.0,0.0,7.189999732971193,3,30.86,-11.193309087969602,4,1,0,0,0,0,0.0,5.520000000000003,37.07460075795651,30.86,0.21868584775326028,0.0,0.0,2.7600000000000016,3,30.86,-5.9959149102032505,0,0,12,13,0,0,4.799999237060547,0.696669452829358,50.0,52.703597246638225,0.31177456039767315,0.0,4.799999237060547,0.348334726414679,0,0.0,3.0153718070358977,0,0,16,14,0,0,152.951343,140.0,200.0,207.85031871789613,0.3540512581122282,0.0,152.951343,200.0,0,0.0,8.204369976008365,0,0,41,31,0,0,360.35555623706057,381.4882799950657,500.0,485.83012148600983,0.8533402101230426,0.0,360.35555623706057,500.0,0,0.0,-13.316538303867105
btc-updown-15m-1778840100,Down,1778840100,15m,2,0,0,0,0,0,15.0,0.0,6.600000113248825,0.0,0.05170200018692016,0.0,0.0,6.600000113248825,0,0.0,-6.548298113061905,2,0,0,0,0,0,15.0,0.0,6.600000113248825,0.0,0.05170200018692016,0.0,0.0,6.600000113248825,0,0.0,-6.548298113061905,2,0,0,0,0,0,15.0,0.0,6.600000113248825,0.0,0.05170200018692016,0.0,0.0,6.600000113248825,0,0.0,-6.548298113061905,2,0,0,0,0,0,15.0,0.0,6.600000113248825,0.0,0.05170200018692016,0.0,0.0,6.600000113248825,0,0.0,-6.548298113061905,1,0,0,0,0,0,5.0,0.0,2.3000000417232513,0.0,0.01738800004673004,0.0,0.0,2.3000000417232513,0,0.0,-2.282612041676521,4,0,0,0,0,0,34.049998931884765,0.0,14.219999799549573,0.0,0.11570999691598413,0.0,0.0,14.219999799549573,0,0.0,-14.10428980263359,2,0,0,0,0,0,15.0,0.0,6.600000113248825,0.0,0.05170200018692016,0.0,0.0,6.600000113248825,0,0.0,-6.548298113061905,0,0,13,12,0,0,0.0,2.0,50.0,46.0,0.3222659994926452,0.0,2.0,0.0,0,0.0,-3.677734000507357,0,0,4,15,0,0,180.0,138.8940836621094,200.0,185.78411293629162,0.2366630591054748,0.0,138.8940836621094,200.0,0,0.0,-13.979224004602912,0,0,20,30,0,0,420.0,389.6740843487549,500.0,483.0181124959325,0.5698098591250014,0.0,389.6740843487549,500.0,0,0.0,-16.412077644942542
btc-updown-15m-1778841000,Up,1778841000,15m,2,2,0,0,0,0,9.609999160766602,0.0,19.667700244450575,20.0,0.08672425041395282,0.0,9.609999160766602,0.0,1,10.390000839233398,0.41902400596337586,5,2,0,0,0,0,37.0099991607666,0.0,40.49169998314382,47.39999999999999,0.15669289231626604,0.0,37.0099991607666,0.0,1,10.390000839233398,7.064992909172439,5,2,0,0,0,0,37.0099991607666,0.0,40.49169998314382,47.39999999999999,0.15669289231626604,0.0,37.0099991607666,0.0,1,10.390000839233398,7.064992909172439,5,2,0,0,0,0,37.0099991607666,0.0,40.49169998314382,47.39999999999999,0.15669289231626604,0.0,37.0099991607666,0.0,1,10.390000839233398,7.064992909172439,5,2,0,0,0,0,37.0099991607666,0.0,40.49169998314382,47.39999999999999,0.15669289231626604,0.0,37.0099991607666,0.0,2,10.390000839233398,7.064992909172439,5,7,0,0,0,0,21.239999237060548,0.0,46.79970004662276,47.4,0.20968009232310864,0.0,21.239999237060548,0.0,2,26.16000076293945,0.8099800457003496,5,2,0,0,0,0,37.0099991607666,0.0,40.49169998314382,47.39999999999999,0.15669289231626604,0.0,37.0099991607666,0.0,1,10.390000839233398,7.064992909172439,0,0,16,12,0,0,4.999999999999998,0.0,50.0,46.44999995827675,0.30589299951267235,0.0,4.999999999999998,0.0,0,0.0,-3.2441070422105796,0,0,17,4,0,0,145.0,185.0,200.0,186.90000027418137,0.19668599852466562,0.0,145.0,200.0,0,0.0,-12.903313727293977,0,0,42,13,0,0,374.0518674931642,445.0,500.0,475.18452234704733,0.5454910116737943,0.0,374.0518674931642,500.00000000000006,0,0.0,-24.269986641278877
btc-updown-15m-1778841900,Up,1778841900,15m,3,5,0,0,0,0,0.0,13.419999999999998,25.85360030055046,26.580000000000002,0.15907202895952982,0.0,0.0,7.599999904632569,2,26.580000000000002,0.885471728409069,3,4,0,0,0,0,0.0,20.780000133514402,30.864000292634962,29.219999866485598,0.2023048127990722,0.0,0.0,10.999999940395355,2,29.219999866485598,-1.4416956133502943,3,6,0,0,0,0,0.0,70.7800001335144,41.86400023303032,29.219999866485598,0.3224248123317718,0.0,0.0,21.99999988079071,2,29.219999866485598,-12.321575554212949,3,8,0,0,0,0,0.0,87.6700001335144,45.57980021289587,29.219999866485598,0.3630013481739177,0.0,0.0,25.71579986065626,2,29.219999866485598,-15.996798998236354,3,4,0,0,0,0,0.0,20.780000133514402,30.864000292634962,29.219999866485598,0.2023048127990722,0.0,0.0,10.999999940395355,3,29.219999866485598,-1.4416956133502943,3,4,0,0,0,0,0.0,20.780000133514402,30.864000292634962,29.219999866485598,0.2023048127990722,0.0,0.0,10.999999940395355,2,29.219999866485598,-1.4416956133502943,3,4,0,0,0,0,0.0,20.780000133514402,30.864000292634962,29.219999866485598,0.2023048127990722,0.0,0.0,10.999999940395355,2,29.219999866485598,-1.4416956133502943,0,0,13,13,0,0,2.6224997329711854,0.0,50.0,51.03012454459071,0.32115203769130085,0.0,2.6224997329711854,0.0,0,0.0,1.3512765822820114,0,0,26,11,0,0,120.356399666214,160.0,200.0,191.00102401509287,0.3078544091444967,0.0,120.356399666214,200.0,0,0.0,-8.69112157576265,0,0,55,31,0,0,290.22078634332274,381.513812,500.0,476.7078631603632,0.7733562859071079,0.0,290.22078634332274,500.0,0,0.0,-22.518780553729698
btc-updown-15m-1778842800,Down,1778842800,15m,6,3,0,0,0,0,16.709999999999994,0.0,24.70300005614758,23.290000000000006,0.2010246009072303,0.0,0.0,13.199999928474426,3,23.290000000000006,-1.2119754552403421,7,4,0,0,0,0,11.880000133514404,0.0,43.2644003911972,50.0,0.3615620418336333,0.0,0.0,20.26439997396469,4,50.0,7.097161650636437,7,5,0,0,0,0,0.0,13.639999866485592,55.003600604152666,75.52,0.45031039407214346,0.0,13.639999866485592,0.0,5,61.8800001335144,20.966709789919477,7,5,0,0,0,0,0.0,13.639999866485592,55.003600604152666,75.52,0.45031039407214346,0.0,13.639999866485592,0.0,5,61.8800001335144,20.966709789919477,7,4,0,0,0,0,11.880000133514402,0.0,43.2644003911972,50.0,0.3615620418336333,0.0,0.0,20.26439997396469,6,50.0,7.097161650636437,7,4,0,0,0,0,11.880000133514404,0.0,43.2644003911972,50.0,0.3615620418336333,0.0,0.0,20.26439997396469,4,50.0,7.097161650636437,7,4,0,0,0,0,11.880000133514404,0.0,43.2644003911972,50.0,0.3615620418336333,0.0,0.0,20.26439997396469,4,50.0,7.097161650636437,0,0,15,13,0,0,3.552713678800501e-15,0.0,50.0,48.24999988079071,0.34072500062584843,0.0,0.0,1.7763568394002505e-15,0,0.0,-1.4092751185834445,0,0,12,17,0,0,153.78125,149.60999967575074,200.0,198.09304994795173,0.31807417571062485,0.0,149.60999967575074,200.0,0,0.0,-1.588875876337653,0,0,24,34,0,0,418.78125,376.55750274658203,500.0,483.0019506489143,0.6735239205192115,0.0,376.55750274658203,500.00000000000006,0,0.0,-16.324525430566496
btc-updown-15m-1778843700,Down,1778843700,15m,5,1,0,0,0,0,17.569999933242798,0.0,27.28780065090656,20.0,0.19827343173278414,0.0,0.0,19.287800531697272,4,20.0,-7.089527219173778,7,2,0,0,0,0,17.569999933242798,0.0,53.9878011158228,50.0,0.4040314323135718,0.0,0.0,33.987800817799574,5,50.0,-3.5837696835092245,7,2,0,0,0,0,36.9499999332428,0.0,70.74640142710209,58.16,0.5278004765232962,0.0,0.0,47.48240108044148,5,58.16,-12.058600950578793,7,2,0,0,0,0,36.9499999332428,0.0,70.74640142710209,58.16,0.5278004765232962,0.0,0.0,47.48240108044148,5,58.16,-12.058600950578793,7,2,0,0,0,0,17.569999933242798,0.0,53.9878011158228,50.0,0.4040314323135718,0.0,0.0,33.987800817799574,6,50.0,-3.5837696835092245,13,2,0,0,0,0,67.5699999332428,0.0,76.48780051977636,50.0,0.5772814314791068,0.0,0.0,56.487800221753126,3,50.0,-25.91051908829725,7,2,0,0,0,0,17.569999933242798,0.0,53.9878011158228,50.0,0.4040314323135718,0.0,0.0,33.987800817799574,3,50.0,-3.5837696835092245,0,0,13,11,0,0,0.0,0.0,50.0,49.49999883770943,0.34241200133013694,0.0,0.0,0.0,0,0.0,-0.15758916096043407,0,0,8,15,0,0,167.1124556948242,140.0,200.0,184.2803984587345,0.3148850211863874,0.0,140.0,200.0,0,0.0,-15.404716520079091,0,0,24,40,0,0,414.19607999999994,344.9880801689453,500.0,465.588793599377,0.8187314980467344,0.0,344.9880801689453,500.0,0,0.0,-33.592474902576214
