sleeve_id,n_train,n_held,train_pnl,held_pnl,train_perm_p
poly_updown_btc_15m_momo_HEDGE,51.0,21.0,362.00684837999995,16.65685560000001,0.009
poly_updown_btc_15m_momo_HOLD,47.0,21.0,522.08002342,16.65685560000001,0.003
poly_updown_btc_15m_momo_SELL,49.0,21.0,399.4221906199999,16.65685560000001,0.007
poly_updown_btc_15m_momo_v2_HEDGE,76.0,31.0,87.81524688000002,328.87313024,0.304
poly_updown_btc_15m_momo_v2_HOLD,68.0,27.0,173.67055546,464.98576640000005,0.187
poly_updown_btc_15m_momo_v2_SELL,69.0,29.0,170.51938552000001,336.97516664,0.168
poly_updown_btc_15m_sniper,271.0,130.0,243.15831246,248.33083312000008,0.216
poly_updown_btc_15m_volume_INV_NIGHT,420.0,133.0,-291.01172169999984,-405.18287168,0.716
poly_updown_btc_5m_momo_HEDGE,367.0,177.0,-578.1531085,-611.1392049799999,0.908
poly_updown_btc_5m_momo_HOLD,359.0,165.0,-387.68265177999984,-517.7691775000001,0.776
poly_updown_btc_5m_momo_SELL,366.0,185.0,-540.3440546200002,-559.2910076200001,0.888
poly_updown_btc_5m_momo_v2_HEDGE,347.0,172.0,-495.7682806999998,-13.130407560000037,0.869
poly_updown_btc_5m_momo_v2_HOLD,331.0,140.0,-315.1911294799999,157.30624932000006,0.785
poly_updown_btc_5m_momo_v2_SELL,365.0,176.0,-388.22657225999995,-55.676872040000006,0.833
poly_updown_btc_5m_sniper,429.0,218.0,-908.1542091,-566.27633886,1.0
poly_updown_btc_5m_v3,163.0,76.0,-63.38219803999989,-255.29788113999993,0.612
poly_updown_btc_5m_v3_1,151.0,58.0,-111.1212149199999,-169.41750027999996,0.692
poly_updown_btc_5m_v3_2,111.0,47.0,-128.67394421999995,-182.71619951999995,0.739
poly_updown_btc_5m_v3_3,111.0,47.0,-131.03243421999997,-182.71619951999995,0.741
poly_updown_btc_5m_v4,110.0,45.0,-120.6382084399999,-178.97701727999998,0.761
poly_updown_btc_5m_volume_INV_NIGHT,1250.0,396.0,-814.6084008999997,-406.33707686,0.838
poly_updown_eth_15m_momo_HEDGE,55.0,11.0,-479.85932882000003,72.89199199999999,1.0
poly_updown_eth_15m_momo_HOLD,51.0,11.0,-388.96805882,72.89199199999999,0.988
poly_updown_eth_15m_momo_SELL,53.0,11.0,-421.23101966,72.89199199999999,0.998
poly_updown_eth_15m_momo_v2_HEDGE,48.0,44.0,132.17333537999997,402.77009016,0.217
poly_updown_eth_15m_momo_v2_HOLD,46.0,42.0,214.20307046,476.87494616000004,0.086
poly_updown_eth_15m_momo_v2_SELL,48.0,44.0,198.03323470000004,453.888011104,0.118
poly_updown_eth_15m_sniper,245.0,121.0,-751.4003090999997,-428.59480207999997,0.989
poly_updown_eth_15m_volume_INV_NIGHT,421.0,133.0,-82.46528582000019,-362.81715432,0.573
poly_updown_eth_5m_momo_HEDGE,235.0,118.0,-165.1313718799998,-349.8830754,0.694
poly_updown_eth_5m_momo_HOLD,229.0,112.0,-267.20995344000005,-130.45421234000003,0.76
poly_updown_eth_5m_momo_SELL,234.0,112.0,-144.66275258000002,-330.38041821999997,0.634
poly_updown_eth_5m_momo_v2_HEDGE,231.0,99.0,-521.6557262199999,-169.59897804,0.935
poly_updown_eth_5m_momo_v2_HOLD,225.0,91.0,-456.45222676000003,-252.06011208000004,0.883
poly_updown_eth_5m_momo_v2_SELL,234.0,99.0,-379.0869255745736,-157.76362684,0.859
poly_updown_eth_5m_sniper,349.0,111.0,-196.95468216,-5.466353859999941,0.708
poly_updown_eth_5m_sniper_DOWN_INV,158.0,55.0,-302.53181979999994,98.62753743999997,0.844
poly_updown_eth_5m_volume_INV_NIGHT,1169.0,271.0,-931.96724486,-344.77258448,0.863
poly_updown_sol_15m_momo_HEDGE,51.0,13.0,-315.57340644,63.844919360000006,0.982
poly_updown_sol_15m_momo_HOLD,49.0,13.0,-221.82575268,63.844919360000006,0.894
poly_updown_sol_15m_momo_SELL,52.0,13.0,-208.0180797942731,63.844919360000006,0.887
poly_updown_sol_15m_momo_v2_HEDGE,50.0,11.0,-301.58494062,90.64476683999999,0.965
poly_updown_sol_15m_momo_v2_HOLD,50.0,11.0,-249.49700994,116.14476683999999,0.93
poly_updown_sol_15m_momo_v2_SELL,50.0,11.0,-205.81208696462545,91.13401884,0.9
poly_updown_sol_15m_sniper,305.0,85.0,-768.65323106,140.75864744,0.979
poly_updown_sol_15m_volume_INV_NIGHT,409.0,129.0,-1165.6043473,-141.74023648000005,0.994
poly_updown_sol_5m_momo_HEDGE,264.0,68.0,223.85205358,41.58657918000002,0.275
poly_updown_sol_5m_momo_HOLD,260.0,66.0,189.49376919999997,49.98759806,0.306
poly_updown_sol_5m_momo_SELL,261.0,65.0,375.193225366045,53.60706310000001,0.159
poly_updown_sol_5m_momo_v2_HEDGE,213.0,64.0,-44.616680739999964,-184.00589070000004,0.539
poly_updown_sol_5m_momo_v2_HOLD,209.0,62.0,212.26098804000003,-177.91825304000005,0.278
poly_updown_sol_5m_momo_v2_SELL,211.0,65.0,47.49059846512125,-154.96419514285307,0.442
poly_updown_sol_5m_sniper,460.0,88.0,-871.71586458,190.89695763999998,0.98
poly_updown_sol_5m_sniper_INV,432.0,86.0,-363.58895038,-358.5519844000001,0.764
poly_updown_sol_5m_v3,204.0,45.0,-372.67514489999996,69.69496035999998,0.908
poly_updown_sol_5m_v3_1,171.0,36.0,-68.19254312000004,128.22823555999997,0.614
poly_updown_sol_5m_v3_2,219.0,41.0,-221.35575148,-59.339676940000004,0.761
poly_updown_sol_5m_v3_3,179.0,36.0,-322.3347136200001,-101.39311708000002,0.892
poly_updown_sol_5m_v4,151.0,28.0,-47.50895967999996,-68.90065388000001,0.585
poly_updown_sol_5m_volume_INV_NIGHT,1069.0,224.0,-566.5458498200003,-396.9528374000001,0.769
