entry_time,exit_time,side,entry,exit,qty,stop,tp,reason,bars_held,realized,ret
2024-01-02 04:20:00+00:00,2024-01-02 04:55:00+00:00,-1,111.4732765,112.3117700392902,124.23505365066707,112.29492580042012,109.82999999999998,STOP,7,-116.68116610781705,-0.011668116610781706
2024-01-03 10:00:00+00:00,2024-01-03 10:40:00+00:00,-1,109.18362,107.81503711021963,85.63393783461872,110.35413574148365,107.81503711021963,TP,8,108.83503982404754,0.011011993203217026
2024-01-10 22:15:00+00:00,2024-01-10 23:45:00+00:00,-1,102.824574,102.25,15.875764156621608,109.13396719120989,95.28723937054814,TIME,18,7.6567293074220375,0.0007662741591242516
2024-01-15 02:55:00+00:00,2024-01-15 04:25:00+00:00,-1,96.645501,95.76,82.8796055643848,97.86654659670832,95.21214408395001,TIME,18,66.21405219278351,0.0066215306290663455
2024-01-16 03:55:00+00:00,2024-01-16 05:25:00+00:00,-1,96.1755715,96.06,115.61548798143599,97.06064673003263,95.14522392396084,TIME,18,3.3604211363834757,0.00033383796001751613
2024-01-17 01:15:00+00:00,2024-01-17 02:45:00+00:00,-1,99.74503600000001,100.66,72.41508390195271,101.15050934332776,98.09138878800671,TIME,18,-72.7877512006063,-0.0072286192899249395
2024-01-23 03:00:00+00:00,2024-01-23 04:30:00+00:00,-1,85.4971735,85.79,91.56749443700006,86.60171899773124,84.19993720272252,TIME,18,-33.871340697722374,-0.0033882869936652806
2024-01-24 07:20:00+00:00,2024-01-24 08:50:00+00:00,-1,86.1970685,86.55,54.82005514297235,88.02735059522858,84.02917928572569,TIME,18,-23.60922601112234,-0.0023697556319386285
2024-01-26 02:55:00+00:00,2024-01-26 04:25:00+00:00,-1,88.10678200000001,87.98,83.52778422684732,89.30991744488881,86.69209906613344,TIME,18,3.9711571104054775,0.0003995482905492527
2024-01-28 03:45:00+00:00,2024-01-28 03:55:00+00:00,-1,95.2957035,96.43542382679496,89.49990823667564,96.42096068269255,93.97684718076894,STOP,2,-109.72682789946083,-0.011035488052742383
2024-01-29 02:10:00+00:00,2024-01-29 03:35:00+00:00,-1,97.2354125,98.54758226092348,76.6553098372634,98.53280234057239,95.71063719131314,STOP,17,-107.33829233859697,-0.010915727733557873
2024-02-06 08:45:00+00:00,2024-02-06 10:10:00+00:00,-1,96.205567,95.42728864619147,147.2317420244486,96.88059279484044,95.42728864619147,TP,17,101.8907801864914,0.010476099257711428
2024-02-06 16:25:00+00:00,2024-02-06 17:55:00+00:00,-1,96.005597,95.89,72.97015471804706,97.3668401723248,94.40379179321023,TIME,18,2.1339378436807417,0.00021713030210195934
2024-02-09 07:15:00+00:00,2024-02-09 08:45:00+00:00,-1,105.21421550000001,105.98,103.91615246831753,106.17595953370608,104.09484855955272,TIME,18,-89.45329949411992,-0.009099986482534548
2024-02-10 01:00:00+00:00,2024-02-10 01:30:00+00:00,-1,107.88381500000001,108.51950635977262,161.4737344398954,108.50323087514134,107.1761229498304,STOP,6,-118.37201141397973,-0.012152442532268404
2024-02-10 20:45:00+00:00,2024-02-10 22:15:00+00:00,-1,109.943506,109.39,71.36098933988103,111.30838688356864,108.34193573971761,TIME,18,32.45540057296497,0.003372963114980072
2024-02-16 02:50:00+00:00,2024-02-16 04:20:00+00:00,-1,113.97290149999999,113.62,88.01175835761363,115.08697587949344,112.67362894460787,TIME,18,22.0455983892115,0.0022834111397294836
2024-02-17 00:15:00+00:00,2024-02-17 00:45:00+00:00,-1,110.54341600000001,111.05064531630926,204.15449176972893,111.03399021777658,109.99121173866811,STOP,6,-123.9108836170715,-0.012805045782351707
2024-02-18 04:15:00+00:00,2024-02-18 05:10:00+00:00,-1,108.683695,109.20806665491348,194.28609661140985,109.19168790172822,107.64,STOP,11,-120.92812494187785,-0.012658903045416892
2024-02-18 05:15:00+00:00,2024-02-18 06:45:00+00:00,-1,109.2936035,108.09672967273153,93.28721536354436,110.32105860605706,108.09672967273153,TP,18,102.52714401449714,0.010870271720714855
2024-02-18 08:30:00+00:00,2024-02-18 09:00:00+00:00,-1,109.12362900000001,109.81096183876751,145.6763665759604,109.79449266486778,108.28,STOP,6,-114.48026865002404,-0.01200706206239473
2024-02-19 07:25:00+00:00,2024-02-19 08:45:00+00:00,-1,113.263008,111.6147504319,67.88122031909015,114.66770797341667,111.6147504319,TP,16,105.01649562356283,0.011148329522072464
2024-02-23 06:05:00+00:00,2024-02-23 07:35:00+00:00,-1,102.684595,102.46,104.5457872499773,103.61107904147818,101.60670515022619,TIME,18,13.829309654450734,0.0014519040196050508
2024-02-24 04:10:00+00:00,2024-02-24 05:40:00+00:00,-1,100.58491,101.19,77.49706669450148,101.83085650597408,99.12297219283109,TIME,18,-53.92933373207239,-0.00565369485494399
2024-02-26 15:30:00+00:00,2024-02-26 16:40:00+00:00,-1,104.44433099999999,106.45031707411101,48.040308504861805,106.4343519213228,102.09077769441262,STOP,14,-100.9273396367271,-0.010640902683331073
2024-02-28 07:40:00+00:00,2024-02-28 09:10:00+00:00,-1,109.57356150000001,110.31,66.52905602657978,111.00049952615676,107.8974005686119,TIME,18,-55.57744882869063,-0.005922625900848059
2024-02-28 16:10:00+00:00,2024-02-28 17:30:00+00:00,-1,115.122729,110.49778984217211,24.113538424509716,119.00850846485658,110.49778984217211,TP,16,109.07541902059624,0.011692904294876927
2024-02-29 07:40:00+00:00,2024-02-29 08:05:00+00:00,-1,124.58131,127.32194582318988,34.916539167551676,127.30285039563053,121.35657952524335,STOP,5,-99.65153351867744,-0.0105591944449612
2024-03-07 08:20:00+00:00,2024-03-07 09:50:00+00:00,-1,139.7290375,140.66,34.169162828477106,142.48280521494243,136.47063374206908,TIME,18,-36.12150565465173,-0.003868323878682521
2024-03-08 06:55:00+00:00,2024-03-08 08:25:00+00:00,-1,144.97825,144.77,90.93085514606334,146.02293606677205,143.52,TIME,18,7.080175316858103,0.0007611745252633047
2024-03-08 17:50:00+00:00,2024-03-08 19:20:00+00:00,-1,150.6074055,146.5,21.1934399758449,155.02226728509373,145.35927925788752,TIME,18,84.21652433652572,0.009047052261620718
2024-03-10 00:35:00+00:00,2024-03-10 02:05:00+00:00,-1,146.118079,147.03,69.17066549272954,147.4979371781198,144.51047538625622,TIME,18,-72.20294391735123,-0.00768693612907259
2024-03-10 05:10:00+00:00,2024-03-10 06:40:00+00:00,-1,147.637851,147.07,67.36960223130792,149.0435229210449,145.9997724947461,TIME,18,29.321438183310597,0.0031458276580001057
2024-03-10 07:35:00+00:00,2024-03-10 09:05:00+00:00,-1,148.2077655,147.57,55.04692094538794,149.92856191126998,146.191725706476,TIME,18,27.780282186498937,0.00297113400563462
2024-03-11 07:05:00+00:00,2024-03-11 08:25:00+00:00,-1,144.638301,149.44405999227493,19.69453239379455,149.42164674526313,138.94602390568423,STOP,16,-97.25349271338048,-0.010370563628294846
2024-03-12 02:20:00+00:00,2024-03-12 02:25:00+00:00,-1,149.037641,150.194310240471,83.47469623453529,150.17178447280006,147.72585863263993,STOP,1,-107.79284679720604,-0.011614873656914593
2024-03-13 11:00:00+00:00,2024-03-13 12:30:00+00:00,-1,153.33699600000003,153.23,36.05115799201444,155.90438269909677,150.30674076108392,TIME,18,-1.116113143055025,-0.00012167646089934696
2024-03-15 01:35:00+00:00,2024-03-15 02:30:00+00:00,-1,185.80212550000002,179.76554621363218,18.14840078465562,190.88371148863988,179.76554621363218,TP,11,106.56874937827638,0.011619329372672783
2024-03-16 02:40:00+00:00,2024-03-16 04:10:00+00:00,-1,186.012094,186.65,29.541747866205935,189.1807237466059,182.27113150407288,TIME,18,-23.798948543448564,-0.0025650264311549435
2024-03-17 10:05:00+00:00,2024-03-17 10:25:00+00:00,-1,187.77183000000002,191.20140329076682,27.439063132540277,191.17272738165954,183.75272714200858,STOP,4,-98.78367975623777,-0.010674183941828792
2024-03-20 03:20:00+00:00,2024-03-20 03:45:00+00:00,-1,175.913609,172.40572841996868,31.086454116521438,178.88522631669275,172.40572841996868,TP,5,104.17496280210908,0.011378198202287526
2024-03-22 07:30:00+00:00,2024-03-22 08:35:00+00:00,-1,180.12297750000002,177.4261855451961,40.79502209323323,182.41984537900328,177.4261855451961,TP,13,103.45188567444923,0.011172103857343555
2024-03-25 03:05:00+00:00,2024-03-25 04:35:00+00:00,-1,184.7222875,184.28,38.35861163418391,187.19098801422635,181.82081438292838,TIME,18,10.596047495901718,0.0011316584473789104
2024-03-25 13:55:00+00:00,2024-03-25 15:25:00+00:00,-1,190.491422,191.77,20.69656497630329,195.04919949874255,185.08496060150895,TIME,18,-30.02234691553281,-0.0032027638444779133
2024-03-26 02:55:00+00:00,2024-03-26 04:25:00+00:00,-1,191.70124049999998,191.94,40.44119100583766,194.04048210804973,188.9574214703403,TIME,18,-16.63742745210854,-0.0017805723610310599
2024-03-29 22:15:00+00:00,2024-03-29 23:45:00+00:00,-1,190.18146850000002,191.88,26.640994222629065,193.71108082278187,186.00870301266178,TIME,18,-49.83089169720171,-0.005342519226216433
2024-03-30 04:45:00+00:00,2024-03-30 06:15:00+00:00,-1,197.410384,199.07,20.978807349327287,201.86227069970647,192.13327516035224,TIME,18,-38.55972285503664,-0.004156308597124094
2024-03-31 10:15:00+00:00,2024-03-31 11:45:00+00:00,-1,196.8804635,195.59,58.502724233957686,198.48921479789038,195.01494224253153,TIME,18,65.16336419123577,0.007053200064443034
2024-03-31 17:50:00+00:00,2024-03-31 18:45:00+00:00,-1,197.08043350000003,198.71158991254748,59.193747832614264,198.6817876444008,195.22385482671908,STOP,11,-107.09704731250488,-0.011510860449426986
2024-03-31 19:10:00+00:00,2024-03-31 20:40:00+00:00,-1,199.5800585,198.68,24.570064459628448,203.35313348453238,195.11823981856116,TIME,18,17.711121473368316,0.001925770151274891
2024-04-07 02:00:00+00:00,2024-04-07 03:30:00+00:00,-1,182.552613,180.87,31.659113817726627,185.49057237865873,179.08731314560956,TIME,18,48.092499437180386,0.005219154951405269
2024-04-07 05:55:00+00:00,2024-04-07 06:50:00+00:00,-1,181.012844,179.36999999999998,98.69378348031773,181.97852990470804,179.36999999999998,TP,11,146.13309415885087,0.015776500170877592
2024-04-10 06:05:00+00:00,2024-04-10 07:35:00+00:00,-1,172.26415649999998,173.01,66.29446392721343,173.70924970160328,170.58690035807604,TIME,18,-59.745689306986776,-0.006349952861761563
2024-04-10 20:15:00+00:00,2024-04-10 21:45:00+00:00,-1,171.534266,171.48,33.14856728126542,174.38036144911808,168.1755662610583,TIME,18,-3.3178540116351263,-0.00035488507946839713
2024-04-24 08:00:00+00:00,2024-04-24 09:15:00+00:00,-1,158.136276,156.51999999999998,101.0134678870741,159.08520101198724,156.51999999999998,TP,15,148.9626090886148,0.015939030077718554
2024-04-24 12:05:00+00:00,2024-04-24 13:25:00+00:00,-1,159.6060555,156.8263178891862,40.638297090017154,161.9664017590115,156.8263178891862,TP,16,107.17713010113494,0.011288054516379408
2024-05-04 10:45:00+00:00,2024-05-04 12:15:00+00:00,-1,147.717839,147.24,29.01334173677653,151.0494829605115,143.7686204473862,TIME,18,10.012735540777584,0.0010427851618146724
2024-05-05 13:20:00+00:00,2024-05-05 14:50:00+00:00,-1,147.1479245,147.49,40.85765098351243,149.52254071506837,144.3469511419179,TIME,18,-19.393597457588744,-0.002017659303342698
2024-05-06 08:15:00+00:00,2024-05-06 08:25:00+00:00,-1,150.9273575,154.2762688404214,29.040735967941142,154.25313087079078,146.98624295505104,STOP,2,-101.24335208527667,-0.010554389482727225
2024-05-07 01:30:00+00:00,2024-05-07 01:45:00+00:00,-1,154.9467545,156.65166338836306,57.23958693953277,156.6281691629886,152.98019700441367,STOP,3,-105.61437466836362,-0.011127502655321747
2024-05-10 06:50:00+00:00,2024-05-10 08:20:00+00:00,-1,154.696792,154.0,51.40742258316841,156.5457436281076,152.5291076462709,TIME,18,28.67909290018486,0.0030556231171308163
2024-05-12 04:15:00+00:00,2024-05-12 05:45:00+00:00,-1,146.7079905,147.36,104.60457589889046,147.62999471188195,145.65000634574164,TIME,18,-82.04556307381083,-0.008714941158764181
2024-05-14 05:15:00+00:00,2024-05-14 06:10:00+00:00,-1,148.74768450000002,146.3245223809184,45.79380753537994,150.80789801590134,146.3245223809184,TP,11,104.88520377532159,0.01123893152706267
2024-05-15 03:20:00+00:00,2024-05-15 04:50:00+00:00,-1,143.838421,143.67,63.16188152632627,145.3541284090047,142.0670459091944,TIME,18,2.465979477286467,0.00026130425146009875
2024-05-15 05:50:00+00:00,2024-05-15 07:20:00+00:00,-1,144.36834149999999,143.8,61.59898580868988,145.9224379145237,142.55107450257154,TIME,18,27.02136508263043,0.002862535194199455
2024-05-15 10:25:00+00:00,2024-05-15 11:35:00+00:00,-1,145.358193,143.11175172532435,50.08278999642107,147.27020689556304,143.11175172532435,TP,14,106.00672575099193,0.01119787365350165
2024-05-16 07:30:00+00:00,2024-05-16 09:00:00+00:00,-1,162.95555299999998,163.02,51.6315561514323,164.83403868086057,160.7551535829673,TIME,18,-10.901280180214053,-0.001138789611185606
2024-05-16 09:55:00+00:00,2024-05-16 11:25:00+00:00,-1,164.3653415,163.33,32.358092851600674,167.3449915038101,160.84401019542787,TIME,18,28.730058060832803,0.003004673939604139
2024-05-17 00:05:00+00:00,2024-05-17 00:15:00+00:00,-1,159.95600299999998,160.63432801896994,152.1733389732912,160.6102364834974,159.2237162198031,STOP,2,-125.1763685469487,-0.013052095355756575
2024-05-18 01:35:00+00:00,2024-05-18 02:10:00+00:00,-1,171.234311,172.91193666453964,58.21230457654133,172.88600376397503,169.30879548322994,STOP,7,-106.6735519341694,-0.011269909188333375
2024-05-18 07:20:00+00:00,2024-05-18 08:50:00+00:00,-1,173.114029,173.43,71.28809556080685,174.4527954968575,171.41999999999996,TIME,18,-33.6419795773656,-0.0035947397304428546
2024-05-19 02:45:00+00:00,2024-05-19 04:15:00+00:00,-1,174.093882,173.75,72.43261865829247,175.4074071483722,172.57511142195338,TIME,18,13.570414303564757,0.0014552680815614464
2024-05-20 16:00:00+00:00,2024-05-20 17:30:00+00:00,-1,179.953003,180.69,21.6102576866242,184.30137258765032,174.79435289481958,TIME,18,-19.43380978673762,-0.002081020169193449
2024-05-23 02:55:00+00:00,2024-05-23 04:25:00+00:00,-1,178.853168,177.8,52.25680105915659,180.66333987523794,176.73999214971445,TIME,18,46.64829151658752,0.005005630652883227
2024-05-27 00:15:00+00:00,2024-05-27 00:30:00+00:00,-1,164.475325,165.44090643440262,102.23636212111663,165.41609402029957,163.4006871756405,STOP,3,-113.8957790729665,-0.012160801335476522
2024-05-27 01:15:00+00:00,2024-05-27 02:45:00+00:00,-1,165.9051105,164.2960764511792,67.94870832656318,167.29160295735068,164.2960764511792,TP,18,99.23525040727996,0.01072591320993031
2024-05-27 04:25:00+00:00,2024-05-27 05:25:00+00:00,-1,166.3250475,164.58119236704908,63.44037393394099,167.82400636079242,164.58119236704908,TP,12,101.18405470362119,0.010820491467576208
2024-05-27 10:30:00+00:00,2024-05-27 11:35:00+00:00,-1,166.3650415,167.87920218818567,64.56407121491071,167.85402408457298,164.63317109851238,STOP,13,-107.47145462153475,-0.011369830697360835
2024-06-01 02:40:00+00:00,2024-06-01 04:10:00+00:00,-1,167.4248825,166.94,82.27233964052287,168.58584518343358,166.08698577987968,TIME,18,27.51337619613905,0.0029442243340247506
2024-06-03 12:10:00+00:00,2024-06-03 12:55:00+00:00,-1,165.2852035,166.46394585872565,83.0163275692996,166.43898001172388,163.77,STOP,9,-110.2481299960782,-0.01176309112779831
2024-06-03 17:35:00+00:00,2024-06-03 19:05:00+00:00,-1,165.5051705,165.89,87.9115042793507,166.5835742043292,163.85,TIME,18,-46.940991813375064,-0.005068056189406761
2024-06-04 01:25:00+00:00,2024-06-04 01:45:00+00:00,-1,165.615154,166.6029764756216,98.24401661803692,166.577989777155,164.51441226741395,STOP,4,-111.73494729970714,-0.012125085603653371
2024-06-04 03:40:00+00:00,2024-06-04 05:10:00+00:00,-1,166.3850385,166.38,89.55521758877028,167.42651848136188,165.19017782236574,TIME,18,-12.95915647913927,-0.0014235429062845752
2024-06-04 16:00:00+00:00,2024-06-04 17:30:00+00:00,-1,168.34474450000002,168.75,33.83156167725887,171.05698628469415,165.14561645836704,TIME,18,-18.842425181131958,-0.002072761361669467
2024-06-05 00:20:00+00:00,2024-06-05 00:45:00+00:00,-1,172.08418350000002,171.35295224651992,143.79518472553184,172.7408731279001,171.35295224651992,TP,5,82.92446030192843,0.009141054150042984
2024-06-05 02:20:00+00:00,2024-06-05 03:50:00+00:00,-1,174.3238475,172.93,43.88425847364516,176.43607290522556,171.84671251372933,TIME,18,54.31042404299781,0.005932598355143177
2024-06-06 00:30:00+00:00,2024-06-06 02:00:00+00:00,-1,173.693942,173.8,125.7062771616148,174.45257174492426,172.8409139060909,TIME,18,-32.989132746474226,-0.003582314984413601
2024-06-06 02:05:00+00:00,2024-06-06 03:35:00+00:00,-1,174.073885,173.88,105.16867330718382,174.97249342028624,173.0530078956565,TIME,18,3.923396418274077,0.00042757631040650474
2024-06-06 12:00:00+00:00,2024-06-06 13:30:00+00:00,-1,173.1440245,173.18,140.7606637819426,173.82215811703716,171.93999999999997,TIME,18,-27.000895067402368,-0.0029413313430256996
2024-06-07 04:15:00+00:00,2024-06-07 05:45:00+00:00,-1,171.18431850000002,172.46,59.728982625431755,172.74239175474068,169.3711298943112,TIME,18,-85.4316446371408,-0.009333915031192819
2024-06-10 15:45:00+00:00,2024-06-10 17:15:00+00:00,-1,162.7055905,161.54,26.92819781883043,166.09724665564073,158.6893040132311,TIME,18,27.458144328459305,0.0030282307432598107
2024-06-14 12:15:00+00:00,2024-06-14 13:45:00+00:00,-1,148.83767100000003,147.97,61.84152173002719,150.33066991475752,147.095196102291,TIME,18,45.398327884912895,0.004991654080114051
2024-06-15 01:05:00+00:00,2024-06-15 01:40:00+00:00,-1,144.40833550000002,143.2492044619279,92.88901845200512,145.41399628172678,143.2492044619279,TP,7,95.64644244195229,0.010464319471637765
2024-06-15 03:25:00+00:00,2024-06-15 04:50:00+00:00,-1,144.25835800000002,145.20186646772478,102.6108157945148,145.18008945430662,143.19989265483204,STOP,17,-110.17996097998464,-0.011929542820412345
2024-06-15 15:15:00+00:00,2024-06-15 16:45:00+00:00,-1,145.39818699999998,145.24,61.43568871528867,146.90540881518484,143.63750942177816,TIME,18,1.6833265574149685,0.0001844597633316175
2024-06-16 13:25:00+00:00,2024-06-16 14:55:00+00:00,-1,145.8281225,146.29,59.10725484467312,147.39420886387083,143.996949363355,TIME,18,-35.070146239629395,-0.003842295359176326
2024-06-19 03:20:00+00:00,2024-06-19 04:50:00+00:00,-1,139.9490045,140.41,53.05576062626626,141.68372993836238,137.91352407396514,TIME,18,-31.152064002262335,-0.003426193584422508
2024-06-21 20:05:00+00:00,2024-06-21 21:35:00+00:00,-1,133.959903,132.62,37.55221211151026,136.39295304997555,131.08445634002933,TIME,18,45.81152238689383,0.005055805141597558
2024-06-25 03:30:00+00:00,2024-06-25 05:00:00+00:00,-1,135.139726,136.79,35.22660548861433,137.74525732776328,132.05769120668404,TIME,18,-62.444173676410436,-0.006856734753880964
2024-06-26 02:05:00+00:00,2024-06-26 03:35:00+00:00,-1,139.6490495,138.01,40.40565198601125,141.908434322659,136.9838788128092,TIME,18,61.178315968657046,0.006764115937636347
2024-06-29 01:40:00+00:00,2024-06-29 03:10:00+00:00,-1,142.478625,141.84,65.03116032795624,143.90020846830015,140.81974983803983,TIME,18,33.210218225470854,0.003647182761078119
2024-06-29 08:55:00+00:00,2024-06-29 10:25:00+00:00,-1,142.2286625,142.76,89.39963602898499,143.27225565602095,141.02329321277486,TIME,18,-58.966426323498105,-0.006452225470606383
2024-07-01 01:40:00+00:00,2024-07-01 02:50:00+00:00,-1,148.437731,147.1933983105773,86.02510488201833,149.51550140785227,147.1933983105773,TP,14,95.59958560831404,0.010528632865532931
2024-07-02 01:50:00+00:00,2024-07-02 02:55:00+00:00,-1,147.77783000000002,148.89721920675595,85.36295635145,148.8748879735599,146.51013443172815,STOP,13,-106.95064867079063,-0.011656033091053569
2024-07-02 11:20:00+00:00,2024-07-02 11:30:00+00:00,-1,148.8476695,149.84981007935352,94.72756762136748,149.82733597895665,147.72119682525204,STOP,2,-107.66303805966054,-0.011872054013919992
2024-07-09 03:50:00+00:00,2024-07-09 05:20:00+00:00,-1,140.49892200000002,141.31,42.19225875360789,142.64383695373326,137.97139565552013,TIME,18,-39.57178257560265,-0.0044160264433264025
2024-07-11 07:25:00+00:00,2024-07-11 08:55:00+00:00,-1,142.1286775,142.49,69.44972337297493,143.4345805014588,140.60850339824944,TIME,18,-33.98875746205236,-0.003809811096456958
2024-07-13 15:30:00+00:00,2024-07-13 17:00:00+00:00,-1,140.098982,139.58,87.43319632816059,141.13647745518125,138.90022705378252,TIME,18,34.37230279285118,0.003867537406718938
2024-07-13 20:10:00+00:00,2024-07-13 21:40:00+00:00,-1,140.0889835,139.86,97.53969260969116,141.0246798963879,139.01238412433455,TIME,18,10.047218194047565,0.0011261476045529648
2024-07-14 05:00:00+00:00,2024-07-14 06:30:00+00:00,-1,145.6281525,145.13,57.57914735606717,147.2012224861466,143.7885330166241,TIME,18,21.149473274794534,0.002367882973946848
2024-07-14 08:20:00+00:00,2024-07-14 09:25:00+00:00,-1,145.1482245,146.10475436190296,98.07783730328246,146.0828419356126,144.07458967726484,STOP,13,-106.66883819516157,-0.01191437049461279
2024-07-15 02:00:00+00:00,2024-07-15 03:30:00+00:00,-1,151.0473395,151.07,61.321628878178956,152.5126047722642,149.33887427328293,TIME,18,-9.726426087910822,-0.0010994924308066138
2024-07-15 13:50:00+00:00,2024-07-15 15:20:00+00:00,-1,153.656948,152.69,40.29562883242429,155.872932900223,151.04848051973244,TIME,18,33.408778398505795,0.003780744378068737
2024-07-18 01:15:00+00:00,2024-07-18 02:00:00+00:00,-1,158.296252,159.73258541001002,63.875729657830156,159.70862911564265,156.65364506122881,STOP,9,-100.88829041511669,-0.011374141367571311
2024-07-18 05:50:00+00:00,2024-07-18 07:20:00+00:00,-1,159.356093,159.27,55.76579091684502,160.95248402004,157.49301917595199,TIME,18,-3.1947519998974983,-0.0003643200256404866
2024-07-20 02:15:00+00:00,2024-07-20 03:45:00+00:00,-1,170.674395,169.88,60.79958443676305,172.14176754452663,168.96987894656803,TIME,18,38.981381316291944,0.004446941011288394
2024-07-20 17:45:00+00:00,2024-07-20 19:15:00+00:00,-1,174.3038505,173.72,18.846253728060482,179.00194608781575,168.72366469462114,TIME,18,8.05186905678237,0.0009144792325177646
2024-07-23 00:05:00+00:00,2024-07-23 00:15:00+00:00,-1,179.61305399999998,180.40096215154756,120.08239772318123,180.3739060656377,178.75931272123472,STOP,2,-114.0680058465169,-0.01294327030790204
2024-07-26 02:25:00+00:00,2024-07-26 03:55:00+00:00,-1,174.9837485,175.75,42.44030389851497,177.05966769830178,172.55039876203784,TIME,18,-39.21830761590575,-0.00450844635738095
2024-07-28 01:10:00+00:00,2024-07-28 02:40:00+00:00,-1,186.0820835,185.01,35.311428748540806,188.56236004318623,183.16716794817654,TIME,18,31.960093873190914,0.0036906981295009296
2024-07-29 00:15:00+00:00,2024-07-29 00:20:00+00:00,-1,186.5220175,187.90810262410182,65.35422905420106,187.8799206360064,184.95409523679234,STOP,1,-101.59829101509261,-0.011689259013424205
2024-08-03 07:30:00+00:00,2024-08-03 08:15:00+00:00,-1,153.1270275,151.03824717531106,48.81250530178223,154.90979402057414,151.03824717531106,TP,9,95.27741958591932,0.01109167282230133
2024-08-03 11:45:00+00:00,2024-08-03 13:15:00+00:00,-1,152.4471295,151.65,60.20908305810616,153.91251871551273,150.7389775413847,TIME,18,39.755202076056875,0.004577311785450831
2024-08-04 12:50:00+00:00,2024-08-04 14:10:00+00:00,-1,144.83827100000002,142.42011160196984,42.91193707698111,146.89324033169183,142.42011160196984,TP,16,98.22083779280878,0.011257366333839934
2024-08-06 01:10:00+00:00,2024-08-06 02:40:00+00:00,-1,139.939006,139.07,27.839082315394798,143.12937492961382,136.15675008446343,TIME,18,20.697019958425617,0.0023457368213315273
2024-08-08 01:40:00+00:00,2024-08-08 03:10:00+00:00,-1,152.537116,155.15,13.494300523130836,159.11383801493497,144.69539438207804,TIME,18,-37.12745201276004,-0.004198064089973254
2024-08-11 07:45:00+00:00,2024-08-11 09:15:00+00:00,-1,156.73648599999999,157.05,52.166785398678854,158.4482041812673,154.73415498247923,TIME,18,-23.721172081758166,-0.002693500725479049
2024-08-13 16:35:00+00:00,2024-08-13 18:05:00+00:00,-1,147.62785250000002,147.64,37.368032951242604,150.00043074456468,144.8294831065224,TIME,18,-5.419038659022254,-0.0006169849248284402
2024-08-14 07:35:00+00:00,2024-08-14 09:05:00+00:00,-1,145.258208,145.93622812429112,138.3747650584666,145.91434097314513,143.69414756713718,STOP,18,-111.95315816196066,-0.012754301784033625
2024-08-15 00:30:00+00:00,2024-08-15 02:00:00+00:00,-1,144.79827699999998,143.65484580826526,89.24887589198295,145.7909618264456,143.65484580826526,TP,18,90.46509589097779,0.010439414391620147
2024-08-17 13:05:00+00:00,2024-08-17 14:35:00+00:00,-1,140.5689115,140.45,50.18942890072051,142.3346283893051,138.4964459328339,TIME,18,-0.3787801305899583,-4.325855420696092e-05
2024-08-18 10:15:00+00:00,2024-08-18 11:45:00+00:00,-1,145.83812100000003,144.2,25.697502677829924,149.26726162380908,141.77128605142914,TIME,18,38.74165385812886,0.004424678853585222
2024-08-23 00:05:00+00:00,2024-08-23 00:25:00+00:00,-1,143.798427,144.30012359568204,191.81901386332032,144.27848182340853,143.26982181190976,STOP,4,-121.10319718413477,-0.013770250230564333
2024-08-24 05:20:00+00:00,2024-08-24 06:50:00+00:00,-1,155.0267425,154.24,42.580804356222856,157.08693895829296,152.60567325004848,TIME,18,27.57415647590029,0.0031791451738823764
2024-08-27 05:15:00+00:00,2024-08-27 06:40:00+00:00,-1,159.056138,157.63379887996268,72.19762697831729,160.28516760003112,157.63379887996268,TP,17,92.40059135633172,0.010619507597186549
2024-08-28 03:40:00+00:00,2024-08-28 05:10:00+00:00,-1,148.01779399999998,147.82,45.28925019300987,149.9816140998628,145.71006308016462,TIME,18,2.9287196116192815,0.0003330579063293605
2024-08-29 08:55:00+00:00,2024-08-29 10:25:00+00:00,-1,145.05823800000002,145.44,72.5328954881083,146.29273986583786,143.6247121609946,TIME,18,-37.17210849867992,-0.0042258543776485715
2024-08-30 01:00:00+00:00,2024-08-30 01:25:00+00:00,-1,140.618904,139.86036388351297,134.81953081308086,141.28969676373916,139.86036388351297,TP,5,85.24968512319543,0.009732608829698357
2024-09-01 03:10:00+00:00,2024-09-01 04:40:00+00:00,-1,134.3098505,133.84,100.2175778247869,135.21252292291433,133.04000000000002,TIME,18,34.994281219730794,0.003956645863904747
2024-09-01 19:00:00+00:00,2024-09-01 20:30:00+00:00,-1,135.24970950000002,135.58,28.174498557451923,138.4215823552443,131.48810117370684,TIME,18,-12.739490282620075,-0.001434720144699945
2024-09-02 09:55:00+00:00,2024-09-02 11:25:00+00:00,-1,131.660248,132.56,31.959246568297868,134.45437258820266,128.3507528941568,TIME,18,-32.555322042695316,-0.003671644954724444
2024-09-02 14:30:00+00:00,2024-09-02 16:00:00+00:00,-1,132.220164,132.87,33.67905112897468,134.86303424345192,129.09235890785772,TIME,18,-25.903453203663094,-0.0029322018030074337
2024-09-07 04:55:00+00:00,2024-09-07 06:25:00+00:00,-1,126.18107,127.29,63.879363249013586,127.57888459411956,124.54533848705654,TIME,18,-78.12394903686945,-0.008869429586171464
2024-09-07 19:15:00+00:00,2024-09-07 20:45:00+00:00,-1,127.9907985,127.49,69.15837923551116,129.27233482248866,126.4951982130136,TIME,18,26.683525506050877,0.0030564960563659446
2024-09-08 02:05:00+00:00,2024-09-08 03:35:00+00:00,-1,128.1707715,127.99,101.69727896570524,129.05106399818675,127.15672320217587,TIME,18,6.661085616861978,0.0007606769411209332
2024-09-08 04:50:00+00:00,2024-09-08 06:20:00+00:00,-1,128.57071150000002,128.44,88.89702558239031,129.5757976227323,127.40704285272125,TIME,18,1.3384940515904926,0.00015273601272527057
2024-09-08 07:05:00+00:00,2024-09-08 07:40:00+00:00,-1,128.78068000000002,129.8899860298777,81.87521240104829,129.87050545405958,127.51539345512853,STOP,7,-100.35508888940059,-0.01144980462213422
2024-09-12 00:35:00+00:00,2024-09-12 01:55:00+00:00,-1,133.899912,134.87746154387247,92.44693084391598,134.85723295892862,132.79532044928564,STOP,16,-101.55289454786876,-0.011720665086542913
2024-09-12 11:30:00+00:00,2024-09-12 13:00:00+00:00,-1,134.95975299999998,134.37,167.38337721071673,135.49157279187548,133.70999999999998,TIME,18,78.42825322193669,0.009159099518021463
2024-09-14 02:05:00+00:00,2024-09-14 03:35:00+00:00,-1,139.519069,139.49,102.897377264824,140.3797985101511,138.53224178781866,TIME,18,-9.928061785229723,-0.0011489075044042113
2024-09-15 00:45:00+00:00,2024-09-15 02:15:00+00:00,-1,137.6493495,137.48,128.66737318133912,138.34082883075536,136.86500540309353,TIME,18,5.859678506209443,0.0006788809698851088
2024-09-18 02:55:00+00:00,2024-09-18 04:25:00+00:00,-1,131.68024499999999,131.37,89.38536880385163,132.6662921510365,130.5404494187562,TIME,18,17.150584321078377,0.0019856560931822503
2024-09-18 21:35:00+00:00,2024-09-18 23:05:00+00:00,-1,131.4702765,131.93,47.9360809801246,133.29540178434192,129.32351785878973,TIME,18,-27.71921256748714,-0.0032029082359402647
2024-09-19 02:55:00+00:00,2024-09-19 04:25:00+00:00,-1,137.159423,138.38,42.00809892772096,139.23357291122912,134.71571250652508,TIME,18,-56.48281866784253,-0.006547465312761823
2024-09-20 03:45:00+00:00,2024-09-20 04:05:00+00:00,-1,143.8284225,145.69229600078128,47.077415353672485,145.67044543396617,141.6654654792406,STOP,4,-93.87979616624438,-0.010954230140048812
2024-09-21 21:50:00+00:00,2024-09-21 23:20:00+00:00,-1,148.077785,148.95,75.05228123142167,149.22938696161006,145.95,TIME,18,-75.49340125827798,-0.008906402654197397
2024-09-27 04:40:00+00:00,2024-09-27 06:10:00+00:00,-1,156.6065055,158.29669654054646,51.132321525971584,158.27295559720687,154.65845328335175,STOP,18,-93.66917102487123,-0.011150012115842
2024-09-28 02:30:00+00:00,2024-09-28 04:00:00+00:00,-1,159.17612,158.65,65.43798303523022,160.4694682550699,157.6766380939161,TIME,18,25.069176522573912,0.0030177851590223064
2024-10-04 05:45:00+00:00,2024-10-04 07:15:00+00:00,-1,139.4490795,138.7,40.90530388307377,141.5069518374054,137.02565779511352,TIME,18,25.52132690029672,0.0030629708703360263
2024-10-04 11:15:00+00:00,2024-10-04 12:45:00+00:00,-1,139.919009,140.6,65.09437183809975,141.22394121969756,138.3992705363629,TIME,18,-52.545775278175334,-0.0062870834090064335
2024-10-04 12:50:00+00:00,2024-10-04 14:20:00+00:00,-1,141.08883350000002,138.8,36.495241467123854,143.38569091426046,138.37917090288747,TIME,18,78.93495650740222,0.009504293888820566
2024-10-05 06:25:00+00:00,2024-10-05 07:55:00+00:00,-1,143.57846,143.8,83.73653508870514,144.60125039681583,142.398499523821,TIME,18,-29.37982640833974,-0.0035042214027161114
2024-10-05 12:55:00+00:00,2024-10-05 13:40:00+00:00,-1,144.078385,142.9473939961513,86.9828272028689,145.06050500320723,142.9473939961513,TP,9,87.14195387403402,0.010430236177377584
2024-10-06 01:55:00+00:00,2024-10-06 03:25:00+00:00,-1,143.4684765,143.44,72.9629719398287,144.64700961756088,142.10158845892695,TIME,18,-7.342432733630515,-0.0008697621255485781
2024-10-06 11:30:00+00:00,2024-10-06 13:00:00+00:00,-1,144.078385,144.91,66.97747130926756,145.35931054553262,142.58882734536084,TIME,18,-64.40953987212858,-0.007636398953867755
2024-10-07 01:55:00+00:00,2024-10-07 03:25:00+00:00,-1,150.41743400000001,150.08,43.11507202106708,152.38134757546618,148.11038290944057,TIME,18,8.718305383281693,0.0010415968642371754
2024-10-10 08:25:00+00:00,2024-10-10 08:45:00+00:00,-1,140.0889835,138.95669823045517,87.18119659632525,141.07108480795404,138.95669823045517,TP,4,87.76659329007732,0.010474775008765848
2024-10-10 11:35:00+00:00,2024-10-10 12:40:00+00:00,-1,140.17897,138.65759839760196,65.87092963797336,141.48533466866502,138.65759839760196,TP,13,91.9489109849361,0.010860168799997539
2024-10-11 00:05:00+00:00,2024-10-11 00:10:00+00:00,-1,139.1891185,139.68565149730355,188.2237548432456,139.66470179203475,138.66435784955831,STOP,1,-117.08019050901721,-0.013679881071478365
2024-10-11 02:40:00+00:00,2024-10-11 03:00:00+00:00,-1,140.218964,141.25363565678876,85.05698987473991,141.23245078917037,139.04905905299557,STOP,4,-98.7796020617228,-0.011701681728774985
2024-10-13 00:30:00+00:00,2024-10-13 01:00:00+00:00,-1,146.997947,146.25963276334573,131.66334899770118,147.65363936387857,146.25963276334573,TP,6,79.83385122881207,0.0095692969901564
2024-10-13 13:00:00+00:00,2024-10-13 14:30:00+00:00,-1,147.7478345,146.77,61.452981342962985,149.1405668525219,146.12531977697373,TIME,18,51.94629574009129,0.00616753187135387
2024-10-14 03:10:00+00:00,2024-10-14 03:30:00+00:00,-1,148.9476545,150.27283903806327,66.19134840401851,150.25030149283933,147.4336382085928,STOP,4,-96.62836503039429,-0.011402265546983936
2024-10-16 09:25:00+00:00,2024-10-16 10:55:00+00:00,-1,155.156723,155.93,66.22018010635556,156.4451520788656,153.6618175053613,TIME,18,-60.47664068369296,-0.007218626445042882
2024-10-18 23:00:00+00:00,2024-10-19 00:30:00+00:00,-1,154.4268325,154.82,78.02416325337403,155.5160009495709,152.24999999999997,TIME,18,-41.53449161097722,-0.004993697002233259
2024-10-19 14:25:00+00:00,2024-10-19 14:55:00+00:00,-1,155.55666300000001,156.836473944908,67.12222946229217,156.81295200210766,154.10045759747084,STOP,6,-95.33959963167393,-0.011520220204072227
2024-10-19 18:25:00+00:00,2024-10-19 19:55:00+00:00,-1,156.136576,156.37,66.16139389353565,157.39644751706385,154.6762629795234,TIME,18,-24.747799009280826,-0.003025215013478791
2024-10-21 06:20:00+00:00,2024-10-21 07:50:00+00:00,-1,170.8443695,169.15,45.21250691543124,172.6738728391594,168.70535259300874,TIME,18,69.68929373404357,0.008544793182003184
2024-10-21 22:15:00+00:00,2024-10-21 23:45:00+00:00,-1,167.734836,166.48,64.73759511015362,169.03058328336778,164.58354179158053,TIME,18,71.498745767897,0.008692380407151314
2024-10-27 06:50:00+00:00,2024-10-27 08:20:00+00:00,-1,172.9640515,174.0,61.96885370857239,174.32889024315767,171.38333170821082,TIME,18,-73.87197509340602,-0.008903510420417734
2024-10-29 16:45:00+00:00,2024-10-29 18:15:00+00:00,-1,182.90256050000002,181.19,28.636360280441547,185.801551169696,179.4841385963648,TIME,18,44.34967089799588,0.005393317953442486
2024-10-29 18:50:00+00:00,2024-10-29 19:20:00+00:00,-1,182.0226925,179.86783716287414,45.46366705264334,183.86846903093823,179.86783716287414,TP,6,90.56383384615795,0.01095429487600249
2024-11-01 10:10:00+00:00,2024-11-01 10:25:00+00:00,-1,167.4648765,168.34213796489072,101.07736858503782,168.31689043132602,165.56000000000003,STOP,3,-103.94540065073873,-0.012436649191245508
2024-11-02 01:25:00+00:00,2024-11-02 02:25:00+00:00,-1,167.4048855,168.32971088522362,94.38963773809922,168.3044652154413,166.38064174147047,STOP,12,-101.55437320028162,-0.012303587776833621
2024-11-06 09:35:00+00:00,2024-11-06 11:05:00+00:00,-1,184.8022755,184.98,27.512253310451268,187.79322188692194,181.2741337356937,TIME,18,-9.467696098444794,-0.0011613255338514207
2024-11-08 09:15:00+00:00,2024-11-08 10:40:00+00:00,-1,200.67989350000002,203.00704531847455,35.926178544607104,202.97659882865022,197.99008140561975,STOP,17,-90.13198979897646,-0.011068614830427974
2024-11-09 08:30:00+00:00,2024-11-09 10:00:00+00:00,-1,202.4196325,202.01,28.467678862763176,205.2787839938517,199.05545920737794,TIME,18,6.4803586564833635,0.0008047244535806992
2024-11-10 02:40:00+00:00,2024-11-10 04:10:00+00:00,-1,202.9395545,201.83,27.30671741832696,205.9214246132554,199.42829046409352,TIME,18,25.32447366180999,0.0031422391624364673
2024-11-11 09:55:00+00:00,2024-11-11 10:20:00+00:00,-1,211.01834250000002,214.06639657681296,27.090840303204345,214.034291433098,207.46885028028242,STOP,5,-87.75650248221712,-0.010854644333562173
2024-11-12 08:15:00+00:00,2024-11-12 09:45:00+00:00,-1,222.846568,217.8459023875703,19.06265720632913,227.0750813436914,217.8459023875703,TP,18,91.54562809984115,0.011447582555168055
2024-11-15 09:20:00+00:00,2024-11-15 10:50:00+00:00,-1,212.808074,213.36,20.100599377792136,216.86400208910283,208.01119749307662,TIME,18,-14.948848587573153,-0.001848164133199598
2024-11-15 20:10:00+00:00,2024-11-15 21:15:00+00:00,-1,213.847918,217.65701706276604,21.56178260878803,217.624373406755,209.38675191189398,STOP,13,-86.31777294869897,-0.010691445132908504
2024-11-18 02:50:00+00:00,2024-11-18 03:50:00+00:00,-1,239.744033,242.8364322747073,26.447636783039776,242.80001227286635,236.15598527256037,STOP,12,-87.53005359447354,-0.010958765015016823
2024-11-18 09:50:00+00:00,2024-11-18 11:20:00+00:00,-1,244.663295,245.39,18.691427445456355,248.9263699424599,239.6283560690481,TIME,18,-17.705061805304705,-0.002241235376093597
2024-11-20 13:20:00+00:00,2024-11-20 14:10:00+00:00,-1,238.504219,242.28957131754444,21.22673946403511,242.25323333254454,234.08412000094654,STOP,10,-84.94324545944566,-0.01077688678520265
2024-11-21 01:20:00+00:00,2024-11-21 01:55:00+00:00,-1,238.42423100000002,236.70177317868314,53.21525285760436,239.92518901776407,236.70177317868314,TP,7,80.28325079471976,0.010296631363909186
2024-11-21 07:40:00+00:00,2024-11-21 09:10:00+00:00,-1,242.6735935,242.06,13.761544956397493,248.43415646804442,235.8410122383467,TIME,18,5.442187122731527,0.0006908675280501419
2024-11-22 03:10:00+00:00,2024-11-22 04:40:00+00:00,-1,261.6907405,261.11,15.375541061202018,266.8568217573549,255.57781389117417,TIME,18,5.311944490079784,0.0006738681060627235
2024-11-23 04:20:00+00:00,2024-11-23 05:50:00+00:00,-1,260.9308545,259.97,15.724286882910468,265.9864931787339,254.9502081855194,TIME,18,11.422894297565174,0.0014481214059147462
2024-11-23 14:05:00+00:00,2024-11-23 14:40:00+00:00,-1,260.2709535,262.74786702687464,32.93570952784502,262.708460757761,256.62,STOP,7,-89.33060262444397,-0.011308385961018174
2024-11-24 01:00:00+00:00,2024-11-24 02:30:00+00:00,-1,258.921156,258.9,32.76622791358496,261.34360366079625,256.09967560704445,TIME,18,-6.941968389446986,-0.0008888370314434137
2024-11-25 07:40:00+00:00,2024-11-25 09:10:00+00:00,-1,253.79192550000002,255.26,27.477958072243577,256.6698136759745,250.42222358883055,TIME,18,-46.63415791739691,-0.005976264854392526
2024-11-26 02:35:00+00:00,2024-11-26 04:05:00+00:00,-1,239.13412449999998,235.9178137866872,28.620479070253204,241.88015517776066,235.9178137866872,TP,18,85.93405712814216,0.011078839196081398
2024-11-27 00:10:00+00:00,2024-11-27 00:30:00+00:00,-1,232.6151025,231.24672578262587,67.06482237828423,233.81939518114513,231.24672578262587,TP,4,77.77097649244766,0.009916569807576813
2024-11-29 02:55:00+00:00,2024-11-29 04:25:00+00:00,-1,241.463775,241.08,23.380458875444454,244.8875720874592,237.43491349504896,TIME,18,3.8958929057782132,0.0004918871006962518
2024-11-29 05:20:00+00:00,2024-11-29 06:50:00+00:00,-1,241.76373,240.29,38.239266470806875,243.87226644548733,239.31328026541524,TIME,18,48.05933271040051,0.006064885257573461
2024-11-29 21:10:00+00:00,2024-11-29 22:40:00+00:00,-1,243.543463,244.29,34.84484760030522,245.86792913802003,240.39000000000001,TIME,18,-33.662285195642546,-0.004222429979566685
2024-12-06 20:10:00+00:00,2024-12-06 21:40:00+00:00,-1,240.043988,238.94,42.8985928735313,241.93054832723035,235.45362918192416,TIME,18,38.113049156896146,0.004800983537294179
2024-12-07 09:25:00+00:00,2024-12-07 10:55:00+00:00,-1,238.04428800000002,238.4,29.121030939362953,240.8191561081856,234.7930126701773,TIME,18,-16.60224714078101,-0.0020813415047659404
2024-12-08 02:55:00+00:00,2024-12-08 04:25:00+00:00,-1,241.16382,239.92,35.562938941825315,243.43831408964886,238.51402309242135,TIME,18,36.53495518216911,0.004589759255642094
2024-12-12 03:20:00+00:00,2024-12-12 04:50:00+00:00,-1,230.17546850000002,229.62,23.56321266713384,233.60369584208564,226.13756498949724,TIME,18,8.213206111951777,0.0010270824357695115
2024-12-15 00:10:00+00:00,2024-12-15 00:35:00+00:00,-1,220.226961,219.36110160056882,106.8621445534762,221.00908199952596,219.36110160056882,TP,5,71.38869691467806,0.008918179474125204
2024-12-15 02:15:00+00:00,2024-12-15 03:45:00+00:00,-1,221.7367345,219.94,42.98062784618653,223.64904179003435,219.5151498519588,TIME,18,68.68218237366608,0.008504227941869317
2024-12-15 14:20:00+00:00,2024-12-15 15:50:00+00:00,-1,220.6169025,220.69,44.41447615031446,222.48384393486893,218.4493872781573,TIME,18,-12.066773873622038,-0.0014815088730241802
2024-12-23 08:45:00+00:00,2024-12-23 10:15:00+00:00,-1,184.36234149999999,185.65,28.304512738614306,187.26334216705825,180.94198939953006,TIME,18,-41.159404981279636,-0.005060880219371142
2024-12-24 11:40:00+00:00,2024-12-24 13:10:00+00:00,-1,193.071035,192.27,26.85180819826811,196.11346394710597,189.48384326347283,TIME,18,16.85304157686533,0.00208275773417744
2024-12-25 01:15:00+00:00,2024-12-25 02:45:00+00:00,-1,199.530066,201.04,36.614983796020134,201.7745438268545,196.9025474077746,TIME,18,-61.886298857151715,-0.007632228855460033
2024-12-27 06:50:00+00:00,2024-12-27 07:30:00+00:00,-1,190.631401,188.60424610556896,46.970577693330185,192.3731282453592,188.60424610556896,TP,8,87.20082362338455,0.010836893608302405
2024-12-28 08:50:00+00:00,2024-12-28 10:20:00+00:00,-1,186.2020655,185.95,54.917981890144574,187.711092873118,184.4526885522584,TIME,18,4.645900387052041,0.000571180052652071
2024-12-29 14:00:00+00:00,2024-12-29 14:30:00+00:00,-1,197.11042899999998,194.1590385151671,32.761949190477274,199.62413457069405,194.1590385151671,TP,6,90.92486741881994,0.0111721774544429
2024-12-30 18:35:00+00:00,2024-12-30 20:05:00+00:00,-1,194.510819,195.83,20.086132395683517,198.63707242989497,189.62351308412602,TIME,18,-30.025441036313563,-0.003648542695127145
2024-12-31 08:25:00+00:00,2024-12-31 09:55:00+00:00,-1,192.751083,193.32,24.325065743670024,196.15076518991728,188.73508177209928,TIME,18,-18.064985441758694,-0.0022032059354695787
