stack,depth,n_train,wr_train,dpt_train,n_val,wr_val,dpt_val,n_lockbox,wr_lockbox,dpt_lockbox,dd_lockbox,ls_lockbox,sum_lockbox,sharpe_lockbox,n_full,wr_full,dpt_full,sum_full,proj_32d,proj_full,proj_honest,boot_p_lockbox
g_btc_f7_against|g_cci_extreme_with|g_hurst_reverting|g_mfi_strong_with,4,331,0.7190332326283988,3.794200571239607,229,0.7860262008733624,9.21457444416985,89,0.7865168539325843,6.516735557918239,116.11408310176064,3,579.9894646547233,2.142733349570651,649,0.7519260400616333,6.080134670955205,3946.007401449928,3157.07598593721,3905.351567616808,3157.07598593721,0.0045
g_btc_f7_against|g_cci_extreme_with|g_hurst_reverting|g_mfi_with,4,371,0.7196765498652291,3.4222029323466403,249,0.7911646586345381,8.816216975262801,100,0.77,5.404047997104449,148.6041005743361,3,540.4047997104449,1.939216258535499,720,0.7513888888888889,5.562889047849287,4005.280114451486,2941.6034597571884,3964.013592060168,2941.6034597571884,0.018
g_R1_six|g_btc_f7_against|g_cci_extreme_with|g_hurst_reverting,4,429,0.7132867132867133,3.2161541034634293,279,0.7921146953405018,7.874583264411533,110,0.7636363636363637,4.857661292946692,172.7527296979536,2,534.3427422241361,1.87787986081844,818,0.7469437652811736,5.02577210682245,4111.081583380765,2908.605660173381,4068.724985248962,2908.605660173381,0.0215
g_f7_v7_with|g_tod_us_afternoon|g_tr_above_ema200|g_vwap_in_45_85,4,1054,0.7125237191650854,1.562865249119773,257,0.6614785992217899,-0.1995689210768852,290,0.7862068965517242,4.589859697488579,377.8817976462046,8,1331.0593122716878,4.728584429361434,1601,0.7176764522173642,1.828251138118157,2927.030072127169,7245.39952313222,2896.8727925961616,2896.8727925961616,0.0
g_btc_f7_against|g_cci_extreme_with|g_hurst_reverting|g_ribbon_agrees,4,464,0.7004310344827587,2.552588016609378,290,0.7793103448275862,7.333594106299252,118,0.7542372881355932,4.193743952892729,208.1101122177408,3,494.861786441342,1.7105824826251514,872,0.7339449541284404,4.364684537815226,3806.004916974877,2693.6976575290378,3766.791532981802,2693.6976575290378,0.0385
g_btc_f7_against|g_cci_extreme_with|g_hurst_reverting|g_tr_partial_stack_with,4,440,0.7204545454545455,1.725126373423569,283,0.7915194346289752,7.803079118999715,110,0.7727272727272727,4.288068086309958,190.1372852861058,3,471.6874894940954,1.7182370774916549,833,0.751500600240096,4.128468768880415,3439.014484477386,2567.552234479526,3403.582214031255,2567.552234479526,0.0295
g_2asset_either_trending_with|g_cci_extreme_with|g_rf_with|g_tr_above_ema200,4,344,0.7325581395348837,2.448563286650352,227,0.7533039647577092,4.4966399212876365,114,0.7631578947368421,4.232190649800845,134.07881213344064,3,482.4697340772964,1.789600562095433,685,0.7445255474452555,3.424106228930381,2345.512766817311,2626.243585827416,2321.346877704648,2321.346877704648,0.03
g_2asset_either_trending_with|g_cci_extreme_with|g_hurst_reverting|g_tr_partial_stack_with,4,239,0.7196652719665272,3.5623315439725878,152,0.7631578947368421,6.063815406704252,70,0.8571428571428571,7.880162302400608,75.0,3,551.6113611680425,2.530074471946953,461,0.754880694143167,5.042751717996828,2324.708541996538,3002.604509291378,2300.756999442634,2300.756999442634,0.001
g_btc_f7_with|g_f7_v7_overbought|g_tr_above_ema800|g_vwap_in_45_85,4,615,0.7252032520325203,1.9940245564202623,208,0.6538461538461539,-0.9387709479259184,245,0.7836734693877551,4.714391921339897,282.61457148660725,8,1155.0260207282747,4.451748797517763,1068,0.7247191011235955,2.0468977207473267,2186.086765758145,6287.191639497575,2163.563447565485,2163.563447565485,0.0
g_2asset_either_trending_with|g_cci_extreme_with|g_hurst_reverting|g_tr_above_cloud,4,241,0.7136929460580913,3.325299746927172,155,0.7483870967741936,5.4625802698002985,71,0.8450704225352113,7.417061424902009,75.0,3,526.6113611680427,2.388772918661942,467,0.7451820128479657,4.656763473225991,2174.7085419965374,2866.521175958045,2152.3024539880885,2152.3024539880885,0.004
g_2asset_either_trending_with|g_cci_extreme_with|g_ribbon_slope_with|g_tr_above_ema200,4,328,0.7286585365853658,1.8605635027510212,218,0.7522935779816514,4.532437528809442,111,0.7927927927927928,5.04121243976452,114.85122183445378,2,559.5745808138616,2.128174713237604,657,0.7473363774733638,3.284491310497192,2157.910790996655,3045.95096823012,2135.6777707257806,2135.6777707257806,0.0145
g_f7_v7_with|g_tod_us_open|g_tr_above_ema200|g_vwap_in_45_85,4,530,0.7358490566037735,2.4727767171864974,121,0.6363636363636364,-1.000653470627613,144,0.8472222222222222,6.479601024624673,172.67359206485298,5,933.0625475459528,5.277470898385564,795,0.740880503144654,2.66988067636334,2122.5551377088555,5078.970467141803,2100.686387805188,2100.686387805188,0.0
g_2asset_either_trending_with|g_cci_extreme_with|g_hurst_reverting|g_tr_full_stack_with,4,196,0.7704081632653061,5.929245233402654,115,0.8347826086956521,4.377715399258592,52,0.903846153846154,8.161445348531519,58.48508477173424,2,424.395158123639,2.168223471310585,363,0.8099173553719008,5.757477947066937,2089.964494785298,2310.124310719674,2068.4315272632675,2068.4315272632675,0.001
g_2asset_either_trending_with|g_cci_extreme_with|g_hurst_reverting|g_ribbon_slope_with,4,224,0.7053571428571429,3.310241051105413,146,0.7465753424657534,5.688329582518927,71,0.8309859154929577,7.20623646227462,50.0,2,511.642788821498,2.2946684683817224,441,0.7392290249433107,4.724791163983841,2083.632903316874,2785.042247151687,2062.165170373609,2062.165170373609,0.0025
g_btc_f7_against|g_cci_extreme_with|g_hurst_reverting|g_tr_full_stack_with,4,394,0.7385786802030457,1.837877956538192,264,0.8143939393939394,3.09222999369838,99,0.8080808080808081,5.090414521456277,140.1372852861058,2,503.9510376241715,1.969202409557808,757,0.774108322324967,2.700691771250451,2044.423670836592,2743.173481467573,2023.359911803729,2023.359911803729,0.011
g_2asset_either_trending_with|g_cci_extreme_with|g_rf_with|g_tr_full_stack_with,4,287,0.7874564459930313,4.538049128680621,170,0.8117647058823529,3.1310506359506625,84,0.8095238095238095,4.359843164258287,90.83122219576848,2,366.2268257976961,1.5874526423044546,541,0.7985212569316081,4.068254221516908,2200.925533840647,1993.494688425459,2178.249331370773,1993.494688425459,0.0445
g_R1_full|g_btc_trend_15m_with|g_cci_extreme_with|g_tod_us_afternoon,4,125,0.8,10.637639834063998,66,0.8787878787878788,2.576383696836249,70,0.8428571428571429,7.157519016751049,120.75592815651044,4,501.0263311725735,2.8655097876181155,261,0.8314176245210728,7.66579553418301,2000.7726344217656,2727.2533293493743,1980.158613339844,1980.158613339844,0.001
g_2asset_either_trending_with|g_cci_extreme_with|g_hurst_reverting,3,249,0.7028112449799196,2.962854470063568,160,0.7375,5.083151306214174,78,0.7948717948717948,5.497857983365595,125.57729810444152,4,428.8329227025164,1.8511900160428127,487,0.728952772073922,4.065478223290786,1979.8878947426128,2334.280542577364,1959.4890497664765,1959.4890497664765,0.0175
g_2asset_either_trending_with|g_R1_five|g_cci_extreme_with|g_hurst_reverting,4,248,0.7016129032258065,2.90256865492759,159,0.7358490566037735,5.030721644152724,77,0.8051948051948052,5.893934061071642,125.57729810444152,4,453.8329227025164,1.9765388585502048,484,0.7293388429752066,4.07759233583645,1973.5546905448416,2470.363875910697,1953.2210967634703,1953.2210967634703,0.0115
g_2asset_either_trending_with|g_bb_pos_extreme_with|g_cci_extreme_with|g_hurst_reverting,4,243,0.7037037037037037,2.9410438021399337,157,0.7388535031847133,5.242297169435593,77,0.7922077922077922,5.531501153502239,125.57729810444152,4,425.9255888196724,1.838756079299241,477,0.7295597484276729,4.116645468220262,1963.6398883410648,2318.45495514175,1943.408447067248,1943.408447067248,0.019
g_f7_v7_with|g_tod_us_open|g_tr_partial_stack_with|g_vwap_in_45_85,4,429,0.7505827505827506,2.991357162516761,90,0.6777777777777778,0.3624146126568943,117,0.8205128205128205,5.315541997885361,199.2253525500909,5,621.9184137525872,3.7389049045935474,636,0.7531446540880503,3.046899294986475,1937.827951611398,3385.309232193249,1917.8624515038864,1917.8624515038864,0.0
g_2asset_either_trending_with|g_cci_extreme_with|g_ribbon_slope_with|g_tr_full_stack_with,4,272,0.7757352941176471,3.664022728038777,162,0.8148148148148148,3.1713841606498487,83,0.8313253012048193,4.738935813665799,89.85122183445367,2,393.3316725342614,1.7342699584122792,517,0.7969052224371374,3.682224542719699,1903.7100885860843,2141.035404161496,1884.096105855197,1884.096105855197,0.033
g_btc_f7_strong_with|g_tod_us_afternoon|g_tr_full_stack_with,3,844,0.8080568720379147,1.2832464393038696,173,0.8208092485549133,0.0340634960563778,160,0.8625,5.041912805506297,220.93804956440363,5,806.7060488810075,3.2773024398120123,1177,0.8173322005097706,1.6105854107656985,1895.6590284712267,4391.169926075618,1876.1279960566744,1876.1279960566744,0.0
g_f7_v7_with|g_ribbon_agrees|g_tod_us_open|g_vwap_in_45_85,4,503,0.7395626242544732,2.5638257577500174,126,0.626984126984127,-1.553775677056504,146,0.8082191780821918,5.308678015300109,118.55311014132845,4,775.066990233816,4.016198726522725,775,0.7341935483870968,2.411478207836072,1868.8956110729555,4218.947983506071,1849.6403229588705,1849.6403229588705,0.0
g_f7_v7_with|g_tod_us_afternoon|g_tr_full_stack_with,3,1072,0.8097014925373134,1.0693622559323643,233,0.7725321888412017,-1.8326857062245236,250,0.872,4.572644488459137,244.170263143792,6,1143.161122114784,4.056543075157276,1555,0.8141479099678457,1.197750283552389,1862.501690923965,6222.60704137814,1843.31227956293,1843.31227956293,0.0
g_btc_f7_with|g_tod_us_afternoon|g_tr_full_stack_with|g_vwap_in_45_85,4,527,0.7438330170777988,2.268685618551943,96,0.7291666666666666,1.8141156223971735,122,0.7622950819672131,4.027604042478579,105.86564470222812,4,491.3676931823866,2.593411674368519,745,0.7449664429530202,2.4981478039052205,1861.1201139093887,2674.678143222791,1841.9449369782012,1841.9449369782012,0.005
g_R1_full|g_btc_trend_5m_with|g_cci_extreme_with|g_tod_us_afternoon,4,173,0.7514450867052023,6.127191951219629,84,0.8333333333333334,3.5579964033791915,108,0.8518518518518519,4.5686578181777335,100.0,4,493.4150443631952,2.842557724801293,365,0.8,5.074769725501488,1852.290949808043,2685.8225581503257,1833.206740022142,1833.206740022142,0.002
g_2asset_either_trending_with|g_R1_six|g_cci_extreme_with|g_hurst_reverting,4,222,0.7117117117117117,3.9837906648889536,142,0.7464788732394366,5.945929382434636,62,0.8064516129032258,5.362144787694321,156.99768053055396,4,332.4529768370479,1.5525124286873209,426,0.7370892018779343,4.838442433681018,2061.1764767481136,1809.6523705829973,2039.9401130482845,1809.6523705829973,0.0375
g_f7_v7_with|g_tod_us_open|g_tr_above_cloud|g_vwap_in_45_85,4,502,0.7290836653386454,2.4266441674182637,119,0.6470588235294118,-0.6866380289914927,142,0.8098591549295775,4.8510416408314585,210.2948027110007,5,688.847912998067,3.6973889743370334,763,0.7313237221494102,2.392284874956812,1825.313359592048,3749.628806419478,1806.5071007356448,1806.5071007356448,0.0
g_R1_five|g_f7_v7_with|g_tod_us_open|g_vwap_in_45_85,4,423,0.7494089834515366,3.0913182271856434,97,0.6494845360824743,-0.7370393345005872,122,0.7786885245901639,4.039901409074858,186.92123427869308,5,492.8679719071327,2.700907972544093,642,0.7398753894080997,2.693150726729132,1729.0027665601028,2682.8446604144915,1711.1887986622107,1711.1887986622107,0.0035
g_btc_trend_15m_with|g_btc_trend_5m_with|g_cci_extreme_with|g_stoch_strong_with,4,244,0.7336065573770492,3.736716383583266,100,0.85,1.378880867369736,124,0.8387096774193549,4.336627560563941,124.7525254909195,3,537.7418175099286,2.664741144484311,468,0.7863247863247863,3.3918562005154254,1587.388701841219,2927.107959979045,1571.033787943461,1571.033787943461,0.0025
g_btc_f7_with|g_f7_v7_overbought|g_tr_full_stack_with|g_vwap_in_45_85,4,462,0.7229437229437229,1.5664640188682908,153,0.6993464052287581,0.3881095439886603,173,0.7861271676300579,4.505094620394654,150.0,6,779.381369328275,3.639538311478963,788,0.7322335025380711,1.9828280536493528,1562.46850627569,4242.432587043577,1546.370345908001,1546.370345908001,0.0
g_R1_full|g_cci_extreme_with|g_f7_v7_oversold|g_tod_us_afternoon,4,193,0.772020725388601,7.211627442584362,52,0.8846153846153846,1.6444253726777918,46,0.8260869565217391,5.758488867947103,75.0,3,264.8904879255668,1.7792175749764951,291,0.8006872852233677,5.98709520179929,1742.2447037235934,1441.887222608168,1724.2943037458351,1441.887222608168,0.038
g_3asset_unanimity|g_cci_extreme_with|g_stoch_strong_with|g_tod_us_open,4,58,0.7586206896551724,19.305367415003847,33,0.8787878787878788,1.229535054367646,38,0.868421052631579,6.905011455611252,25.0,1,262.3904353132276,2.3179604413763,129,0.8217054263565892,11.02849924168669,1422.676402177583,1428.2786028883352,1408.0185240945414,1408.0185240945414,0.0055
g_btc_trend_30m_with|g_btc_trend_5m_with|g_cci_extreme_with|g_stoch_strong_with,4,181,0.7292817679558011,4.74978558592401,83,0.8674698795180723,1.3383633220685631,102,0.803921568627451,4.231220663535204,150.0,6,431.5845076805908,2.188259305581694,366,0.7814207650273224,3.831638946624391,1402.379854464527,2349.2583368080154,1387.9310923276196,1387.9310923276196,0.011
g_R1_full|g_cci_extreme_with|g_f7_v7_oversold|g_hurst_reverting,4,184,0.7608695652173914,5.963932270808421,121,0.743801652892562,-1.3669890192638394,42,0.8571428571428571,11.039584148932112,99.0319213505906,3,463.6625342551487,1.3035394805997635,347,0.7665706051873199,4.021960809086378,1395.6204007529734,2523.86972812886,1381.241281472488,1381.241281472488,0.029
g_cci_extreme_with|g_f7_v7_oversold|g_hurst_reverting,3,497,0.7283702213279678,1.821521444318266,276,0.717391304347826,-0.7806476679428189,125,0.72,5.606967889801008,282.94374343625606,3,700.870986225126,1.5086332735642798,898,0.7238307349665924,1.548673037526822,1390.7083876990862,3815.074401685435,1376.379877037944,1376.379877037944,0.048
g_f7_v7_with|g_mfi_with|g_tod_us_open|g_vwap_in_45_85,4,438,0.7214611872146118,2.418966530986794,104,0.5865384615384616,-3.2342274764819807,135,0.7925925925925926,4.908018197194721,147.14929167828092,5,662.5824566212874,3.4742787747901662,677,0.7149187592319055,2.046868743928179,1385.7301396393773,3606.657172208541,1371.45292001885,1371.45292001885,0.0005
g_R1_full|g_btc_trend_15m_with|g_cci_extreme_with|g_tod_us_open,4,68,0.7941176470588235,18.16513946968536,33,0.8484848484848485,2.1793563822647863,37,0.8108108108108109,6.776285385416698,70.75592815651045,2,250.72255926041785,1.8188758550865465,138,0.8115942028985508,11.288918868215651,1557.87080381376,1364.7664642408745,1541.8200137138604,1364.7664642408745,0.0255
g_R1_full|g_btc_trend_30m_with|g_cci_extreme_with|g_tod_us_open,4,56,0.8035714285714286,21.7259736710753,34,0.8529411764705882,1.9386267153740675,46,0.8260869565217391,5.346906958244448,77.08731448472821,2,245.9577200792446,1.7421512130127863,136,0.8235294117647058,11.239158485163086,1528.5255539821796,1338.8298562980212,1512.777108880545,1338.8298562980212,0.041
g_cci_extreme_with|g_f7_v7_oversold|g_stoch_strong_with,3,580,0.7706896551724138,1.273188698313864,149,0.7986577181208053,-0.6648785198685009,145,0.8620689655172413,4.128251629934106,86.80595712460605,3,598.5964863404454,2.758750079001249,874,0.7906178489702517,1.4164519815813266,1237.9790319020794,3258.3602073131574,1225.224096421876,1225.224096421876,0.0025
g_bb_pos_extreme_with|g_cci_strong_with|g_ribbon_slope_strong|g_tod_eu_open,4,102,0.7549019607843137,7.801600284680064,60,0.7833333333333333,-0.2132428526360311,53,0.7547169811320755,7.519104131545911,121.86644017327916,4,398.5125189719333,1.6789561465454208,215,0.7627906976744186,5.4952612876797104,1181.4811768511377,2169.2364782705567,1169.3083404835804,1169.3083404835804,0.038
g_cci_strong_with|g_parent_ranging|g_ribbon_slope_strong|g_tod_eu_open,4,70,0.7428571428571429,11.480314356118395,49,0.7551020408163265,-0.5003794776407043,56,0.75,7.12082110308826,125.60134899142176,5,398.76598177294255,1.6616905102294983,175,0.7485714285714286,6.730682241696202,1177.8693922968357,2170.6161607840504,1165.733768254989,1165.733768254989,0.036
g_bb_pos_extreme_with|g_rf_strong|g_ribbon_slope_strong|g_tod_eu_open,4,90,0.7333333333333333,8.722511949794766,47,0.8085106382978723,-0.6571570680283241,40,0.75,9.97241952326579,123.71052599217424,3,398.8967809306316,1.7406972091960766,177,0.7570621468926554,6.514330362795647,1153.0364742148297,2171.328144199071,1141.156704480495,1141.156704480495,0.023
g_cci_strong_with|g_rf_with|g_ribbon_slope_strong|g_tod_eu_open,4,106,0.7358490566037735,6.760812668814855,60,0.8,0.3468922753877637,55,0.7454545454545455,7.177774730068922,125.60134899142176,5,394.7776101537907,1.6452133536670068,221,0.755656108597285,5.123245654169372,1132.2372895714311,2148.9061246038,1120.5718144667558,1120.5718144667558,0.0325
g_bb_pos_strong_with|g_cci_strong_with|g_ribbon_slope_strong|g_tod_eu_open,4,108,0.7407407407407407,6.999173409998867,61,0.7868852459016393,-0.0686305487989212,55,0.7454545454545455,6.863652556201548,146.86644017327916,5,377.5008905910851,1.575866621422707,224,0.7544642857142857,5.04118372943852,1129.2251553942283,2054.863181117473,1117.5907143992576,1117.5907143992576,0.044
g_f7_v7_with|g_mfi_strong_with|g_tod_us_open|g_vwap_in_45_85,4,334,0.7305389221556886,2.5889654385495624,84,0.5595238095238095,-4.653445218033572,112,0.8214285714285714,5.81435502953928,147.14929167828092,4,651.2077633083994,3.9616269507779145,530,0.7226415094339622,2.122703436734213,1125.032821469133,3544.740924942054,1113.441574217633,1113.441574217633,0.0005
g_cci_strong_with|g_rf_strong|g_ribbon_slope_strong|g_tod_eu_open,4,95,0.7157894736842105,7.590913297893789,47,0.8085106382978723,-0.6571570680283241,40,0.75,9.97241952326579,123.71052599217424,4,398.8967809306316,1.7406972091960766,182,0.7472527472527473,5.984325066116541,1089.1471620332104,2171.328144199071,1077.925645818323,1077.925645818323,0.028
g_2asset_confluence_against|g_2asset_either_trending_with|g_bb_pos_extreme_with|g_parent_slope_with,4,53,0.8113207547169812,14.848812843709942,46,0.6304347826086957,1.0052611510878926,30,0.8333333333333334,8.32115427276906,79.28052804166944,3,249.6346281830718,1.8983099742324137,129,0.751937984496124,8.39429241743986,1082.863721849742,1358.8444927431876,1071.706944109472,1071.706944109472,0.0225
g_bb_pos_extreme_with|g_f7_v7_with|g_tod_us_open|g_vwap_in_45_85,4,223,0.7668161434977578,3.663664192125646,39,0.6153846153846154,-3.18332400248065,68,0.8235294117647058,5.702377970812514,139.88492288208624,3,387.761702015251,3.029956716627696,330,0.7606060606060606,3.274573275037954,1080.6091807625248,2110.7161979696825,1069.4756316273956,1069.4756316273956,0.002
g_btc_trend_30m_with|g_cci_extreme_with|g_stoch_strong_with|g_tod_us_open,4,39,0.7692307692307693,30.41213324499068,23,1.0,5.84624183603051,38,0.8421052631578947,5.065090998806268,52.5702239111084,1,192.47345795463815,1.6544045894157124,100,0.85,15.130102167379764,1513.0102167379764,1047.6971894664136,1497.4216266261303,1047.6971894664136,0.0365
g_btc_f7_with|g_tod_asia_late|g_tr_stack_with,3,231,0.8658008658008658,2.52142511310688,51,0.8823529411764706,2.685260347249735,70,0.9285714285714286,4.688597932546994,25.0,1,328.2018552782896,3.258343132490719,352,0.8806818181818182,2.976134471919646,1047.5993341157157,1786.512098898156,1036.8058864308866,1036.8058864308866,0.0005
g_cci_extreme_with|g_rf_with|g_ribbon_slope_strong|g_tod_eu_open,4,80,0.775,7.625280971697864,51,0.803921568627451,1.1186069782122363,49,0.7551020408163265,7.082813167386459,121.86644017327916,4,347.0578452019365,1.516053628871508,180,0.7777777777777778,5.63405154903661,1014.1292788265898,1889.1515373825405,1003.680674135649,1003.680674135649,0.0475
g_cci_extreme_with|g_parent_ranging|g_ribbon_slope_strong|g_tod_eu_open,4,55,0.7818181818181819,11.63722513939842,43,0.7674418604651163,0.3133617488793206,50,0.76,7.020924336421769,121.86644017327916,4,351.0462168210884,1.5333387631177826,148,0.7702702702702703,6.787622666823055,1004.5681546898122,1910.8615735627911,994.2180585505836,994.2180585505836,0.0375
g_btc_f7_with|g_stoch_strong_with|g_tod_us_afternoon|g_vwap_in_45_85,4,270,0.7111111111111111,2.558078035553826,36,0.6944444444444444,0.8055772558438975,68,0.7941176470588235,4.103101909432105,100.0,4,279.0109298413832,2.116772169587811,374,0.7245989304812834,2.670301552543574,998.6927806512966,1518.749494769929,988.4032186688288,988.4032186688288,0.0155
g_R1_full|g_btc_f7_against|g_stoch_strong_with|g_tod_us_open,4,190,0.7473684210526316,4.669399076440602,72,0.7916666666666666,-1.22291948835521,40,0.85,4.70425903534061,50.0,2,188.1703614136244,1.9549475524103035,302,0.7715231788079471,3.2692251085290187,987.3059827757636,1024.2740006281622,977.1337393168618,977.1337393168618,0.026
g_R1_six|g_cci_extreme_with|g_ribbon_slope_strong|g_tod_eu_open,4,74,0.7702702702702703,7.881268810140407,46,0.782608695652174,0.4123722655276336,48,0.7708333333333334,7.8074321419429715,100.0,4,374.7567428132626,1.6541605590024655,168,0.7738095238095238,5.815117612963832,976.9397589779238,2039.9258700468597,966.8743190369393,966.8743190369393,0.0235
g_f7_v7_with|g_tod_us_open|g_tr_full_stack_with|g_vwap_in_45_85,4,264,0.7613636363636364,2.802402650240933,52,0.6538461538461539,-2.0204089788674717,66,0.8333333333333334,4.826721277121662,82.8553973950211,3,318.5636042900297,2.706276681963357,382,0.7591623036649214,2.4956456467343653,953.3366370525276,1734.047886018728,943.5143807919864,943.5143807919864,0.0055
g_btc_f7_against|g_cci_extreme_with|g_mfi_strong_with|g_tod_eu_open,4,139,0.7266187050359713,2.7976262580507214,53,0.7169811320754716,1.0794302117731664,63,0.8412698412698413,7.703817605177214,50.0,2,485.3405091261645,2.198466012006945,255,0.7529411764705882,3.6526288636046775,931.4203602191928,2641.870171343422,921.8239080229948,921.8239080229948,0.0045
g_cci_extreme_with|g_mfi_with|g_ribbon_slope_strong|g_tod_eu_open,4,68,0.7647058823529411,8.250450695337145,48,0.7708333333333334,0.305861139572058,45,0.7555555555555555,7.853945162668646,100.0,4,353.4275323200891,1.560871475537905,161,0.7639751552795031,5.771052883866296,929.1395143024736,1923.8238675956843,919.5665617308724,919.5665617308724,0.049
g_cci_extreme_with|g_rf_full_align|g_ribbon_slope_strong|g_tod_eu_open,4,69,0.7681159420289855,8.894000219293881,42,0.7857142857142857,-0.8074385916863608,37,0.7567567567567568,9.403840720920714,98.71052599217424,3,347.9421066740664,1.5758903032059774,148,0.7702702702702703,6.268349330773764,927.715700954517,1893.964867329168,918.1574179749856,918.1574179749856,0.0415
g_f7_v7_with|g_tod_us_open|g_tr_above_ema800|g_vwap_in_45_85,4,354,0.731638418079096,2.0403773464648283,75,0.56,-5.004249024040305,92,0.8586956521739131,5.908507771564431,107.8553973950211,4,543.5827149839276,4.077811850797269,521,0.7293666026871402,1.7093236445862845,890.5576188294541,2958.9019118958463,881.3821766960597,881.3821766960597,0.0
g_cci_extreme_with|g_mfi_strong_with|g_ribbon_slope_strong|g_tod_eu_open,4,62,0.7580645161290323,8.561148474765258,46,0.7608695652173914,0.1274866408488673,41,0.7560975609756098,8.57481100615799,100.0,4,351.5672512524776,1.5709907923648303,149,0.7583892617449665,5.961227128637392,888.2228421669714,1913.697737650986,879.0714553082814,879.0714553082814,0.0345
g_R1_six|g_f7_v7_with|g_tod_us_open|g_vwap_in_45_85,4,297,0.7272727272727273,1.7673813026445715,62,0.6129032258064516,-2.538411743847141,89,0.8314606741573034,5.850245491294928,75.0,3,520.6718487252485,3.6580806960990406,448,0.7321428571428571,1.9825950167235795,888.2025674921637,2834.1904298944364,879.0513895240624,879.0513895240624,0.0
g_btc_f7_against|g_cci_extreme_with|g_mfi_with|g_tod_eu_open,4,155,0.7225806451612903,2.7199439148549303,54,0.7037037037037037,0.5964778004440338,69,0.8115942028985508,6.272299469367737,50.0,2,432.78866338637386,1.9006451130388653,278,0.7410071942446043,3.1891718396146254,886.5897714128658,2355.812957699828,877.4552101316423,877.4552101316423,0.018
g_2asset_regime_trending_with|g_mp_no_extreme_50|g_ribbon_slope_with|g_tod_us_evening,4,37,0.8378378378378378,19.8437269916892,41,0.6341463414634146,-4.733385450347983,31,0.8709677419354839,9.269401327768866,50.0,2,287.35144116083484,2.0583621379118635,109,0.7706422018348624,7.59174804026668,827.5005363890681,1564.1496780521445,818.9747732868776,818.9747732868776,0.006
g_2asset_regime_trending_with|g_mp_no_extreme_50|g_tod_us_evening|g_tr_above_ema50,4,47,0.8085106382978723,14.902770657884416,52,0.6923076923076923,-2.314788595183205,32,0.90625,7.358132481281808,50.0,2,235.46023940101784,2.7863844159445312,131,0.7862595419847328,6.225354605893578,815.5214533720588,1281.688569806207,807.119111125195,807.119111125195,0.003
g_cci_extreme_with|g_ev_ge_30|g_f7_v7_strong_with|g_tod_eu_open,4,158,0.8544303797468354,3.894798253376021,49,0.7959183673469388,0.3829832426852057,39,0.8461538461538461,4.524188185356477,42.250262765511245,1,176.4433392289026,1.920143196626294,246,0.8414634146341463,3.2950717160727203,810.5876421538892,960.4399098693264,802.2361331135156,802.2361331135156,0.0325
g_ribbon_agrees|g_ribbon_slope_strong|g_tod_eu_open,3,113,0.7168141592920354,2.900700039527587,61,0.819672131147541,0.8954162034925701,59,0.7627118644067796,7.183602145752437,125.0,5,423.8325265993938,1.7637697543136088,233,0.7553648068669528,3.460223259566772,806.232019479058,2307.061719789367,797.9253865510917,797.9253865510917,0.0255
g_2asset_either_trending_with|g_cci_extreme_with|g_hurst_reverting|g_vwap_in_45_85,4,129,0.7286821705426356,1.500980020268345,87,0.7586206896551724,3.629402111670191,42,0.8333333333333334,7.063680093245805,59.93666118207975,1,296.6745639163238,2.997492054590599,258,0.7558139534883721,3.1242595745978567,806.058970246247,1614.8985429178556,797.7541202497705,797.7541202497705,0.0005
g_2asset_regime_trending_with|g_mp_no_extreme_100|g_mp_no_extreme_50|g_tod_us_evening,4,77,0.7012987012987013,7.702621615202635,77,0.6753246753246753,-1.8449732918310928,54,0.7962962962962963,6.52575073433895,125.0,5,352.3905396543033,1.7915224746474403,208,0.7163461538461539,3.8626416372784247,803.4294605539123,1918.1791708515907,795.1517024754779,795.1517024754779,0.028
g_2asset_confluence_against|g_2asset_either_trending_with|g_bb_pos_extreme_with,3,203,0.729064039408867,2.128058545632687,128,0.6328125,-0.5195763302178866,86,0.7325581395348837,5.084863536240733,137.9703984706032,4,437.2982641167031,1.6987987394061836,417,0.7002398081534772,1.925151987079734,802.7883786122491,2380.3602176752534,794.5172256204864,794.5172256204864,0.0355
g_2asset_confluence_against|g_f7_v7_with|g_stoch_strong_with|g_vwap_in_55_80,4,137,0.7153284671532847,1.6605960844912904,62,0.8064516129032258,3.577083392415078,55,0.8363636363636363,6.405906031905368,145.22866973884803,5,352.32483175479524,3.310576061997194,254,0.7637795275590551,3.155927817558413,801.605665659837,1917.821500851935,793.3466981954627,793.3466981954627,0.001
g_cci_extreme_with|g_f7_v7_strong_with|g_mp_no_extreme_100|g_tod_eu_open,4,147,0.8775510204081632,4.35641878925996,45,0.8444444444444444,1.5046439859897147,30,0.8666666666666667,4.750389321195844,25.0,1,142.51167963587534,1.896541513118139,222,0.8693693693693694,3.83159559021003,850.6142210266266,775.7385761512812,841.8503169312007,775.7385761512812,0.033
g_2asset_confluence_against|g_cci_extreme_with|g_tod_eu_open|g_vwap_in_55_80,4,78,0.782051282051282,3.29893867678628,55,0.7636363636363637,2.7898279777238337,72,0.8194444444444444,5.170525284519558,64.49999940395355,2,372.27782048540814,3.0116245010316995,205,0.7902439024390244,3.819685736827068,783.0355760495488,2026.432269508905,774.9679367811594,774.9679367811594,0.003
g_2asset_regime_trending_with|g_mp_no_extreme_50|g_tod_us_evening|g_tr_above_cloud,4,52,0.7692307692307693,12.35902137240134,51,0.7254901960784313,-1.5185526347055536,40,0.875,5.443171370844159,75.0,3,217.72685483376637,2.253525372930031,143,0.7832167832167832,5.475173299501068,782.9497818286527,1185.159846478468,774.883026500721,774.883026500721,0.017
g_R1_full|g_f7_v7_with|g_favorite|g_tod_us_afternoon,4,318,0.8742138364779874,1.725514339720289,63,0.8412698412698413,-0.6482472860863897,56,0.9464285714285714,4.78785880840032,50.0,2,268.1200932704179,3.9159998146761823,437,0.8787185354691075,1.7757301470893072,775.9940742780273,1459.4670410353085,767.9989838157687,767.9989838157687,0.0
g_f7_v7_with|g_mfi_extreme_with|g_tod_us_open|g_vwap_in_45_85,4,229,0.7336244541484717,1.946635844172788,55,0.5454545454545454,-5.084137370364846,75,0.88,7.881386464296203,50.0,2,591.1039848222152,5.014018769780389,359,0.7353760445682451,2.109348294617596,757.256037767717,3217.5760240489244,749.4540058634434,749.4540058634434,0.0
g_2asset_confluence_btc_eth|g_btc_f7_strong_with|g_tod_us_afternoon|g_tr_full_stack_with,4,164,0.8292682926829268,3.21503992251692,45,0.8222222222222222,-0.3309697431399064,42,0.9285714285714286,5.461801207597402,25.509444950168074,1,229.3956507190909,2.495530862858065,251,0.8446215139442231,2.955253225380757,741.7685595705701,1248.676992080918,734.1260956234794,734.1260956234794,0.004
g_cci_extreme_with|g_f7_v7_strong_with|g_favorite|g_tod_eu_open,4,143,0.8881118881118881,3.6989729323022495,43,0.8604651162790697,1.4329433087963126,36,0.8611111111111112,4.161572857937527,56.24738266611927,1,149.81662288575097,1.8360192100927395,222,0.8783783783783784,3.335073488663127,740.3863144832142,815.5018172414377,732.7580918491445,732.7580918491445,0.0375
g_btc_f7_strong_with|g_tod_asia_late|g_tr_stack_full_with,3,195,0.8512820512820513,1.860809728964588,43,0.8604651162790697,2.7526145919207816,49,0.9387755102040816,5.117950195618191,25.0,1,250.7795595852914,2.931472683491813,287,0.867595818815331,2.550522244550452,731.9998841859797,1365.076736009269,724.4580671973969,724.4580671973969,0.0025
g_f7_v7_with|g_tod_asia_late|g_tr_stack_full_with,3,222,0.8648648648648649,1.7235235970560463,53,0.8679245283018868,1.265173559459413,39,0.9743589743589745,7.231378602030318,25.0,1,282.02376547918243,2.627563087192092,314,0.8789808917197452,2.330255422538133,731.7002026769737,1535.1493634250162,724.1614733160595,724.1614733160595,0.0
g_mfi_strong_with|g_ribbon_slope_strong|g_tod_eu_open,3,88,0.6818181818181818,3.130832490869042,54,0.7777777777777778,-0.0994635904909327,48,0.7291666666666666,8.89370967959159,103.28909868420703,4,426.8980646203963,1.6369144573733858,190,0.7210526315789474,3.668633104896641,697.0402899303617,2323.7484650836905,689.8586627007761,689.8586627007761,0.0345
g_btc_trend_30m_with|g_tod_asia_late|g_tr_stack_full_with,3,134,0.7985074626865671,1.4237270604431302,59,0.7966101694915254,-1.0001374907552507,91,0.8791208791208791,6.1115535175725855,109.16952262009102,4,556.1513700991053,3.893835401112159,284,0.823943661971831,2.422262972689877,687.9226842439249,3027.317291239463,680.8349959820177,680.8349959820177,0.0
g_btc_f7_with|g_stoch_extreme_with|g_tod_us_afternoon|g_vwap_in_45_85,4,155,0.7225806451612903,2.606292025860896,19,0.7368421052631579,2.274793321442394,44,0.8409090909090909,4.8385763276034846,50.0,2,212.8973584145533,2.2746455367215934,218,0.7477064220183486,3.027952731790815,660.0936955303977,1158.871287636552,653.2927301825088,653.2927301825088,0.0165
g_2asset_either_trending_with|g_cci_extreme_with|g_hurst_reverting|g_vwap_in_55_80,4,90,0.7555555555555555,2.6071556133599683,63,0.7777777777777778,3.717911731071918,36,0.8055555555555556,5.174436629641138,85.43666020894273,2,186.27971866708097,2.0419299671699367,189,0.7724867724867724,3.4664135604603654,655.152162927009,1013.9826019444772,648.4021103392762,648.4021103392762,0.029
g_f7_v7_with|g_favorite|g_tod_eu_open|g_tr_stack_full_with,4,210,0.8666666666666667,2.1975618776540347,57,0.8596491228070176,-0.0331191170837072,40,0.95,4.86066712090559,25.0,1,194.4266848362236,3.209432772986301,307,0.8762214983713354,2.1303807474586307,654.0268894697996,1058.3292544585104,647.2884306085956,647.2884306085956,0.0025
g_2asset_regime_trending_with|g_hurst_reverting|g_mp_wt_no_extreme_100|g_tr_above_cloud,4,140,0.7285714285714285,4.293315350708813,75,0.6133333333333333,-4.915565669245329,74,0.8108108108108109,5.428070089653031,176.07085445406878,5,401.6771866343242,2.665925524021237,289,0.7197231833910035,2.194027372111273,634.0739105401581,2186.4628192461714,627.5410278255018,627.5410278255018,0.005
g_cci_extreme_with|g_f7_v7_with|g_tod_us_open|g_vwap_in_45_85,4,126,0.7698412698412699,3.7786023687314834,23,0.6086956521739131,-3.39452594394341,34,0.8823529411764706,6.815267556969149,50.0,2,231.71909693695108,2.998617416325988,183,0.7704918032786885,3.441250812494096,629.7488986864196,1261.3242843268035,623.2605766999534,623.2605766999534,0.004
g_2asset_either_trending_with|g_bb_pos_extreme_with|g_cvd_with,3,106,0.9056603773584906,1.5525797284711138,91,0.8351648351648352,0.8606941363866816,96,0.8333333333333334,4.018519728370165,209.5989084309751,4,385.77789392353577,1.7443574775217654,293,0.8600682593856656,2.145646797108061,628.6745115526619,2099.917669257113,622.1972590093919,622.1972590093919,0.0225
g_f7_v7_strong_with|g_favorite|g_tod_eu_open|g_tr_stack_with,4,184,0.8641304347826086,2.269046766652049,32,0.90625,1.664695954480133,33,0.9393939393939394,4.644749541783505,25.0,1,153.27673487885568,2.6537716637905366,249,0.8795180722891566,2.506231367414445,624.0516104861969,834.3363601905709,617.6219878327026,617.6219878327026,0.008
g_2asset_confluence_btc_eth|g_btc_f7_strong_with|g_f7_v7_overbought|g_tr_full_stack_with,4,135,0.8666666666666667,3.062714507437159,86,0.8255813953488372,-0.5903854390710332,48,0.8125,5.385444410427781,98.77174890790062,3,258.5013317005335,1.6727643636757048,269,0.8438661710037175,2.3092737637339824,621.1946424444412,1407.1089155565703,614.7944552192561,614.7944552192561,0.0395
g_cci_extreme_with|g_cvd_with|g_rf_with|g_tod_eu_open,4,71,0.9154929577464788,2.057096724316013,62,0.8548387096774194,0.8770569581409952,86,0.8255813953488372,4.87531764958665,168.20983364795484,4,419.2773178644519,1.6601936866256952,219,0.863013698630137,2.829720167559956,619.7087166956304,2282.266200242166,613.3238390084633,613.3238390084633,0.034
g_btc_f7_with|g_cci_extreme_with|g_tod_eu_open|g_vwap_in_45_85,4,117,0.7606837606837606,3.700931166036333,38,0.6842105263157895,-1.141712825871944,35,0.8,6.358668542473706,53.23456218606165,2,222.5533989865797,2.223334816618706,190,0.7526315789473684,3.2219855685773515,612.1772580296968,1211.432335150282,605.8699771893907,605.8699771893907,0.017
g_R1_six|g_ribbon_slope_strong|g_tod_eu_open,3,99,0.696969696969697,2.835401810921447,57,0.7894736842105263,-0.2789041549198576,53,0.7547169811320755,6.496850080970956,125.0,5,344.3330542914607,1.4882296282670526,209,0.7368421052631579,2.914546874364843,609.1402967422522,1874.319592193184,602.8643058061198,602.8643058061198,0.0495
g_bb_pos_with|g_cci_extreme_with|g_cvd_with|g_tod_eu_open,4,72,0.9166666666666666,2.0499512594325804,63,0.8571428571428571,0.8670635859336856,88,0.8181818181818182,4.550026334182996,187.0848341043029,4,400.40231740810367,1.5745712462727572,223,0.8609865470852018,2.7023489417088427,602.6238140010719,2179.523281091444,596.4149625840911,596.4149625840911,0.035
g_bb_pos_extreme_with|g_cci_extreme_with|g_cvd_with|g_tod_eu_open,4,71,0.9154929577464788,2.0717815657142857,63,0.8571428571428571,0.8670635859336856,87,0.8160919540229885,4.406438123634709,187.0848341043029,4,383.36011675621967,1.5093966123934006,221,0.8597285067873304,2.6474281169038743,585.0816138357562,2086.756902209689,579.0535002386605,579.0535002386605,0.035
g_2asset_confluence_against|g_f7_v7_with|g_stoch_extreme_with|g_vwap_in_55_80,4,73,0.7397260273972602,2.6712327495835955,43,0.7906976744186046,2.7387793405272958,33,0.8787878787878788,7.859146234275815,100.0,4,259.3518257311019,3.529627086139499,149,0.785234899328859,3.839727034183745,572.119328093378,1411.7384380629644,566.2247653190825,566.2247653190825,0.001
g_btc_f7_with|g_cci_extreme_with|g_ev_ge_30|g_tod_us_open,4,205,0.8097560975609757,1.8019646139716612,47,0.7872340425531915,0.0292526332933949,50,0.9,4.024916678497614,30.53648781307257,1,201.24583392488069,2.236140357229678,302,0.8211920529801324,1.8941173958737112,572.0234535538608,1095.4481559977671,566.1298785778513,566.1298785778513,0.0185
g_btc_f7_with_loose|g_cci_extreme_with|g_tod_us_open|g_vwap_in_45_85,4,145,0.7448275862068966,2.810307487852112,35,0.6571428571428571,-0.8286523646818764,30,0.8666666666666667,6.395304015200693,30.53648781307257,1,191.8591204560208,2.580826871896743,210,0.7476190476190476,2.7159565401462444,570.3508734307113,1044.353145682273,564.4745310983949,564.4745310983949,0.0095
g_f7_v7_with|g_favorite|g_ribbon_slope_strong|g_tod_us_afternoon,4,140,0.8785714285714286,2.9083998550405736,46,0.782608695652174,-1.631647031076615,51,0.9411764705882352,4.397459425939054,25.0,1,224.27043072289177,3.2941400249962234,237,0.8734177215189873,2.347639860755476,556.3906469990478,1220.7787112349406,550.658137302694,550.658137302694,0.0015
g_2asset_regime_trending_with|g_btc_trend_30m_with|g_mp_no_extreme_50,3,176,0.6534090909090909,2.010340671646716,92,0.6521739130434783,-0.9743426170015808,45,0.8,6.403584544360549,125.32060642132828,4,288.1613044962247,1.9491006024964532,313,0.6741214057507987,1.7646701020508029,552.3417419419013,1568.5580341411162,546.6509482370453,546.6509482370453,0.018
g_2asset_confluence_btc_eth|g_btc_f7_strong_with|g_tod_us_open|g_tr_full_stack_with,4,75,0.8933333333333333,3.710169183221301,26,0.9230769230769232,3.513309865763361,33,0.9090909090909092,5.454883553363441,25.509444950168074,1,180.01115726099354,2.0347246819363605,134,0.9029850746268656,4.101641063525661,549.6199025124386,979.8607326906748,543.9571520017043,543.9571520017043,0.013
g_btc_f7_with|g_btc_trend_30m_with|g_cci_extreme_with|g_ev_ge_30,4,67,0.8955223880597015,5.31514161258798,27,0.7407407407407407,-0.0653247408077419,30,0.9,6.488278484126033,25.0,1,194.648354523781,2.2554431342406667,124,0.8629032258064516,4.427411891656182,548.9990745653665,1059.5358764577811,543.342720463784,543.342720463784,0.01
g_cci_extreme_with|g_cvd_with|g_mfi_with|g_tod_eu_open,4,63,0.9047619047619048,1.5307308912789974,54,0.8518518518518519,0.8449036908282294,76,0.8157894736842105,4.983563288687087,145.89001781354068,3,378.7508099402186,1.5142373852390116,193,0.8549222797927462,2.6985059865052845,520.8116553955199,2061.666908774589,515.4457171278085,515.4457171278085,0.048
g_2asset_regime_trending_with|g_hurst_reverting|g_mp_wt_no_extreme_100|g_tr_above_ema50,4,130,0.7384615384615385,4.91600156475636,74,0.6081081081081081,-5.218078809556204,62,0.7741935483870968,4.265673280605168,201.0708544540688,5,264.4717433975204,1.8411767005018,266,0.7105263157894737,1.9451658455213827,517.4141149086878,1439.6078565605028,512.0831816035679,512.0831816035679,0.04
g_cci_extreme_with|g_f7_v7_strong_with|g_mfi_with|g_tod_eu_open,4,119,0.8487394957983193,3.4161057096689404,40,0.725,-2.186657354270149,30,0.9,5.748755505605053,42.25026276551124,1,172.4626651681516,2.477046667227016,189,0.8306878306878307,2.600597621417722,491.5129504479495,938.7717740653052,486.4488776251524,486.4488776251524,0.0085
g_btc_f7_strong_with|g_favorite|g_ribbon_slope_strong|g_tod_us_afternoon,4,124,0.8467741935483871,2.4354359600864157,40,0.85,0.6299165574207495,32,0.9375,4.776852398690199,25.0,1,152.85927675808637,2.6783761601356875,196,0.8622448979591837,2.4492346842124078,480.0499981056318,832.0639964865167,475.10402842817984,475.10402842817984,0.0065
g_f7_v7_with|g_strong_favorite|g_tod_eu_open|g_tr_stack_with,4,185,0.8918918918918919,1.7241313173807802,54,0.8888888888888888,0.5321811584108308,32,1.0,4.069533447322548,0.0,0,130.22507031432153,5.150645307218381,271,0.904059040590406,1.763568806582844,477.9271465839507,708.8584660776235,473.00304871005545,473.00304871005545,0.0
g_R1_six|g_cci_extreme_with|g_f7_v7_strong_with|g_tod_eu_open,4,131,0.8396946564885496,3.057464864385185,42,0.7142857142857143,-2.661533210215418,31,0.9032258064516128,5.606548257046746,42.25026276551124,1,173.80299596844912,2.4914691002080787,204,0.8235294117647058,2.267384795950298,462.5464983738608,946.067641388258,457.7808677845543,457.7808677845543,0.013
g_2asset_regime_trending_with|g_cvd_with|g_mp_no_extreme_50|g_tr_above_ema50,4,35,0.9428571428571428,2.33876267434175,47,0.851063829787234,-0.2387976870954037,57,0.9298245614035088,6.767143186028168,50.0,2,385.7271616036056,4.381403196405493,139,0.9064748201438848,3.283168085698437,456.3603639120829,2099.64151632896,451.6584692535946,451.6584692535946,0.0
g_btc_trend_15m_with|g_cci_extreme_with|g_rf_strong|g_tod_eu_open,4,82,0.7073170731707317,2.527750378917098,34,0.6764705882352942,-2.043817488267418,52,0.8269230769230769,5.440247646374238,50.0,2,282.8928776114604,1.4240392662163166,168,0.7380952380952381,2.504039369533156,420.67861408157023,1539.880230465049,416.344349572851,416.344349572851,0.0445
g_2asset_confluence_against|g_2asset_either_trending_with|g_cci_extreme_with|g_parent_ranging,4,83,0.7710843373493976,2.039379735607369,49,0.6326530612244898,-1.297039527652546,44,0.7954545454545454,7.12745585783774,85.19791524057894,3,313.60805774486056,2.002895094202018,176,0.7386363636363636,2.3825093121891903,419.3216389452975,1707.073194324524,415.00135539252767,415.00135539252767,0.0165
g_btc_f7_with|g_btc_trend_30m_with|g_rf_with|g_vwap_in_45_85,4,129,0.7054263565891473,2.637562806959352,50,0.56,-3.1096823130820184,48,0.75,4.575553849141937,117.86766874880402,4,219.626584758813,1.750576481904202,227,0.6828193832599119,1.781445247587967,404.3880712024685,1195.5007097038051,400.2216486506855,400.2216486506855,0.048
g_btc_f7_with|g_tod_us_open|g_tr_stack_full_with,3,222,0.8468468468468469,1.1219380710176283,56,0.7857142857142857,-2.0237985976801807,50,0.94,5.308207764131837,50.0,2,265.41038820659185,3.342539520004108,328,0.850609756097561,1.223011946653705,401.1479185024152,1444.7172131378816,397.01487934208734,397.01487934208734,0.001
g_btc_f7_strong_with|g_tod_us_open|g_tr_stack_with,3,177,0.8361581920903954,1.0889484652287091,46,0.8478260869565217,-0.1239371297664873,39,0.9230769230769232,5.002644498148739,50.0,2,195.1031354278008,2.5288474521900755,262,0.851145038167939,1.458572159557343,382.1459058040239,1062.0114005119956,378.20864495634606,378.20864495634606,0.003
g_cci_extreme_with|g_mp_no_extreme_150|g_ribbon_slope_strong|g_tod_eu_open,4,74,0.8513513513513513,1.5415171507778014,50,0.8,0.1780104746475765,33,0.8484848484848485,7.670797466373887,75.0,3,253.1363163903383,2.0836368660234643,157,0.8343949044585988,2.395599422167353,376.1091092802744,1377.9053488847412,372.234045730114,372.234045730114,0.0105
g_2asset_regime_trending_with|g_cvd_with|g_mp_wt_no_extreme_100|g_tr_above_cloud,4,20,1.0,5.3765527508614,28,0.8214285714285714,-2.245610840282568,52,0.8653846153846154,6.210556517091253,104.26267689930415,4,322.94893888874515,2.9766062738666568,100,0.88,3.6760289037806135,367.6028903780614,1757.9187240177357,363.81546665901465,363.81546665901465,0.003
g_2asset_confluence_against|g_2asset_regime_trending_with|g_f7_v7_with|g_favorite,4,53,0.8679245283018868,3.8352822437619727,71,0.7323943661971831,-0.9637432757621716,40,0.95,5.675417427513748,25.0,1,227.01669710054992,3.660181572722456,164,0.8292682926829268,2.206468801468417,361.8608834408204,1235.72755455066,358.13261979324824,358.13261979324824,0.0005
g_cci_extreme_with|g_favorite|g_ribbon_slope_strong|g_tod_eu_open,4,72,0.875,2.2787815160771845,50,0.8,0.1780104746475768,33,0.9393939393939394,5.139360157257039,25.0,1,169.5988851894823,3.0076288795727124,155,0.864516129032258,2.210139858576893,342.57167807941846,923.183265048082,339.0421516992063,339.0421516992063,0.002
g_2asset_regime_trending_with|g_cvd_with|g_mp_wt_no_extreme_100|g_tr_above_ema50,4,21,1.0,6.012825293940422,28,0.8214285714285714,-2.245610840282568,44,0.8636363636363636,5.899569736168231,79.51015140838467,3,259.58106839140214,2.662542553613307,93,0.8817204301075269,3.472831140174613,322.97329603623905,1412.9862822771988,319.64569238010813,319.64569238010813,0.006
g_2asset_confluence_against|g_2asset_regime_trending_with|g_mp_wt_no_extreme_100|g_tr_above_ema50,4,69,0.8405797101449275,2.915872769025173,51,0.6470588235294118,-1.7645811956020605,36,0.8055555555555556,5.024963526801251,110.68219963002952,3,180.89868696484504,1.698481442554173,156,0.7692307692307693,1.8724376093069035,292.1002670518769,984.6918527119732,289.0907491489182,289.0907491489182,0.0455
g_R1_full|g_f7_v7_strong_with|g_tod_us_afternoon,3,279,0.8207885304659498,1.000033670732551,44,0.7045454545454546,-5.30103522474332,37,0.8918918918918919,5.833175190656927,73.71052599217421,2,215.8274820543063,2.021379408632824,360,0.8138888888888889,0.7266425730555053,261.5913262999819,1174.8209273156074,258.89614293810325,258.89614293810325,0.014
g_2asset_regime_trending_with|g_cvd_with|g_mp_wt_no_extreme_100|g_ribbon_slope_with,4,17,1.0,6.584240229192979,23,0.782608695652174,-3.188526745574493,44,0.8181818181818182,4.550329039647607,115.25407704042416,4,200.21447774449467,1.867091345220518,84,0.8452380952380952,2.842981505863833,238.810446492562,1089.8341405225326,236.3499752256689,236.3499752256689,0.035
g_2asset_regime_trending_with|g_cvd_with|g_mp_no_extreme_50|g_rf_strong,4,24,0.9166666666666666,1.5127255122560097,30,0.7666666666666667,-2.164630766623346,39,0.8974358974358975,6.635642813678726,50.0,2,258.7900697334703,3.097806400597156,93,0.8602150537634409,2.4748017099883235,230.15655902891407,1408.6806129158567,227.785249026798,227.785249026798,0.002
g_2asset_regime_trending_with|g_cci_with|g_mp_no_extreme_50|g_tod_us_evening,4,47,0.7872340425531915,1.70748311885361,50,0.72,-1.50101794268899,33,0.8787878787878788,6.436737984682334,75.0,3,212.41235349451705,2.3541040395919417,130,0.7846153846153846,1.673947407278363,217.61316294618723,1156.2312441884876,215.3710879340144,215.3710879340144,0.0095
g_2asset_regime_trending_with|g_cvd_with|g_mp_wt_no_extreme_100|g_rf_strong,4,15,1.0,6.157028230876073,17,0.7058823529411765,-5.290094180601851,33,0.8181818181818182,4.412080721232173,90.50155154950464,3,145.5986638006617,1.6176786285845344,65,0.8307692307692308,2.277269018362637,148.0224861935714,792.5420599549351,146.49740603278917,146.49740603278917,0.0455
