gate,n,pct,wr,wr_lift_pp,dpt_25,dpt_lift,sum_pnl
g_sms_bos_with,1546,0.01523152709359606,0.9890038809831824,50.62551125102759,10.59954496335372,14.928147444972932,16386.89651334485
g_sms_choch_with,778,0.007665024630541872,1.0,51.725123152709365,10.20705168064631,14.535654162265523,7941.08620754283
g_rsi_extreme_with,1983,0.019536945812807884,0.7700453857791225,28.729661730621608,6.500019000178921,10.828621481798134,12889.5376773548
g_rsi_overbought_with,4781,0.04710344827586207,0.7318552604057729,24.910649193286645,5.207574341216549,9.536176822835763,24897.412925356322
g_trend_slope_very_strong_with,38566,0.3799605911330049,0.6010216252657782,11.827285679287176,0.33830310006971354,4.666905581688926,13046.997357288572
g_trend_slope_strong_with,38566,0.3799605911330049,0.6010216252657782,11.827285679287176,0.33830310006971354,4.666905581688926,13046.997357288572
g_tr_stack_with,16442,0.16199014778325124,0.7799537769127843,29.72050084398779,-0.14250509394105995,4.186097387678153,-2343.068754578908
g_tr_stack_full_with,16442,0.16199014778325124,0.7799537769127843,29.72050084398779,-0.14250509394105995,4.186097387678153,-2343.068754578908
g_depth_250_strict,12635,0.12448275862068965,0.9343094578551642,45.15606893822577,-0.17961887032014756,4.148983611299066,-2269.4844264950643
g_depth_250_med,17787,0.17524137931034484,0.8975656378253781,41.48168693524717,-0.27592645184382764,4.052676029775386,-4907.903798946162
g_cci_extreme_with,11059,0.10895566502463054,0.697350574192965,21.460180572005854,-0.3374065252512852,3.991195956367928,-3731.378762753963
g_R1_full,12561,0.12375369458128078,0.7527266937345752,26.99779252616688,-0.3933708979242006,3.9352315836950122,-4941.131848825884
g_tr_full_stack_with,30916,0.30459113300492613,0.7362854185534998,25.35366500805934,-0.5006139030701373,3.8279885785490757,-15476.979427316366
g_depth_250_loose,30203,0.29756650246305416,0.8072376916200378,32.448892314713135,-0.562710636518352,3.765891845100861,-16995.549354763785
g_tr_partial_stack_with,39245,0.3866502463054187,0.7011084214549624,21.8359652982056,-0.7494788377308812,3.579123643888332,-29413.29698674843
g_tr_above_ema200,49221,0.48493596059113303,0.6985433046870239,21.579453621411744,-0.8857518539221935,3.4428506276970197,-43597.59200190428
g_mp_wt_no_extreme_100,24640,0.24275862068965517,0.6573051948051948,17.455642633228834,-0.911796130371881,3.416806351247332,-22466.656652363148
g_R1_six,31695,0.31226600985221675,0.6892885313140874,20.653976284118098,-1.0462433380206788,3.2823591435985344,-33160.682598565414
g_bb_pos_extreme_with,20267,0.19967487684729063,0.6698080623673953,18.70592938944889,-1.1149645193184081,3.2136379623008047,-22596.985913026176
g_mp_no_extreme_50,39781,0.3919310344827586,0.6818581734999121,19.910940502700562,-1.1792272649347153,3.149375216684498,-46910.83982636791
g_ribbon_agrees,48233,0.4752019704433498,0.6717392656480003,18.899049717509392,-1.2919859058236305,3.0366165757955823,-62316.356195591165
g_cci_strong_with,27910,0.27497536945812806,0.6549623790756002,17.221361060269373,-1.3130815472350148,3.015520934384198,-36648.10598332926
g_mp_no_extreme_100,63250,0.6231527093596059,0.6381660079051383,15.54172394322319,-1.3530467968653868,2.975555684753826,-85580.20990173571
g_tr_above_cloud,49626,0.4889261083743842,0.6576189900455407,17.487022157263425,-1.3934447160606278,2.935157765558585,-69151.08747922472
g_tr_above_ema800,49158,0.4843152709359606,0.6636152813377273,18.086651286482088,-1.5227061503842105,2.8058963312350027,-74853.18894058702
g_R1_five,42866,0.42232512315270937,0.6482060374189335,16.5457268946027,-1.5448721814228368,2.7837303001963765,-66222.49092887132
g_bb_pos_strong_with,31460,0.30995073891625613,0.6472027972027972,16.445402872989074,-1.5467225871346817,2.7818798944845313,-48659.892591257085
g_mp_no_extreme_150,72880,0.7180295566502463,0.607917124039517,12.51683555666106,-1.611236792070012,2.717365689549201,-117426.93740606247
g_stoch_extreme_with,18369,0.1809753694581281,0.6535467363492842,17.079796787637775,-1.9193215132163932,2.40928096840282,-35256.016876271926
g_tr_above_ema50,50068,0.4932807881773399,0.6115882399936087,12.883947152070224,-2.0659420047458874,2.2626604768733256,-103437.58429361708
g_bb_pos_with,48667,0.4794778325123153,0.6101670536503174,12.7418285177411,-2.100219776279681,2.228382705339532,-102211.39585220323
g_cci_with,48730,0.48009852216748766,0.610465832136261,12.771706366335462,-2.119567766298935,2.209034715320278,-103286.5372517471
g_stoch_strong_with,28985,0.2855665024630542,0.6142487493531137,13.149998088020725,-2.3217970657993594,2.0068054158198536,-67297.28795219443
g_ribbon_slope_strong,3354,0.03304433497536946,0.6168753726893261,13.41266042164197,-2.465171004709052,1.863431476910161,-8268.183549794161
g_mfi_extreme_with,31003,0.30544827586206896,0.6230687352836822,14.03199668107758,-2.4712414096529933,1.8573610719662197,-76615.89742347175
g_rf_full_align,31950,0.31477832512315274,0.5702034428794992,8.745467440659278,-2.4844585517101834,1.8441439299090296,-79378.45072714036
g_mfi_strong_with,39865,0.39275862068965517,0.6042643923240938,12.151562385118735,-2.5884225912732806,1.7401798903459325,-103187.46660110934
g_rf_with,49139,0.484128078817734,0.5643175481796536,8.156877970674719,-2.754069589101937,1.5745328925172761,-135332.22553888007
g_mfi_with,48673,0.47953694581280787,0.5861155055164053,10.336673704349892,-2.7906113394300096,1.5379911421892034,-135827.42572407686
g_rf_strong,40122,0.3952906403940887,0.5419470614625392,5.919829298963281,-3.0219361071115367,1.3066663745076763,-121246.12048952907
g_stoch_with,48144,0.47432512315270936,0.5688559322033898,8.610716373048339,-3.042778593159811,1.2858238884594022,-146491.53258908592
g_ribbon_slope_with,49310,0.4858128078817734,0.5370310281890083,5.428225971610185,-3.1282581085443057,1.2003443730749073,-154254.4073323197
g_ribbon_slope_very_strong,305,0.0030049261083743843,0.6819672131147541,19.921844464184762,-3.2203732380008434,1.1082292436183696,-982.2138375902573
g_compression_extra_tight,44957,0.44292610837438423,0.49311564383744466,1.036687536453823,-3.3780592582909548,0.9505432233282582,-151867.41007498646
g_compression_tight,73468,0.7238226600985221,0.4897914738389503,0.7042705366043844,-3.771527527130599,0.557074954488614,-277086.58436323085
g_atr_low,24082,0.23726108374384236,0.4904908230213437,0.7742054548437294,-3.8455873694590506,0.48301511216016246,-92609.43503131285
g_hod_eu_morning,22628,0.222935960591133,0.48537210535619585,0.26233368832894177,-3.957491087136762,0.3711113944824511,-89550.10831973064
g_tight_ribbon,92218,0.9085517241379311,0.4862499728903251,0.35012044174186907,-4.021478809339737,0.30712367227947635,-370852.73283969186
g_hod_late,20609,0.20304433497536944,0.48362365956620895,0.08748910933025211,-4.1081778177612955,0.22042466385791748,-84665.43664624254
g_hod_avoid_us,60291,0.594,0.48440065681444994,0.1651888341543506,-4.1374276000451005,0.19117488157411255,-249449.64743431914
g_sms_no_liquidity_above,91139,0.8979211822660098,0.4863889224152119,0.36401539423054907,-4.217705663443209,0.11089681817600372,-384397.4764605507
g_adx_extreme,15436,0.15207881773399015,0.47752008292303705,-0.5228685549869383,-4.22074899588925,0.10785348572996334,-65151.48150054646
g_mp_skew_extreme_with,46902,0.46208866995073894,0.47200545818941625,-1.0743310283490182,-4.226961293826695,0.1016411877925183,-198252.93860305962
g_mp_skew_strong_with,46903,0.4620985221674877,0.4719953947508688,-1.0753373722037607,-4.227404187430647,0.10119829418856607,-198277.93860305962
g_mp_imbalance_with,46904,0.46210837438423646,0.4719853317414293,-1.0763436731477116,-4.227847062149489,0.10075541946972422,-198302.93860305962
g_mp_skew_with,46904,0.46210837438423646,0.4719853317414293,-1.0763436731477116,-4.227847062149489,0.10075541946972422,-198302.93860305962
g_mp_imbalance_strong_with,46897,0.46203940886699507,0.47192784186621745,-1.0820926606688985,-4.232845869318304,0.09575661230090926,-198507.7727334205
g_rf_fresh,90468,0.8913103448275862,0.48313215722686476,0.03833887539583247,-4.232952651248062,0.09564983037115127,-382946.7604531097
g_adx_low,28795,0.28369458128078817,0.4835561729466921,0.08074044737856889,-4.297675602551574,0.030926879067639135,-123751.56897547256
g_within_dev,101500,1.0,0.48274876847290643,0.0,-4.328602481619213,0.0,-439353.1518843501
g_regime_ranging,69856,0.6882364532019705,0.48149049473202016,-0.12582737408862732,-4.344589137449037,-0.01598665582982406,-303495.61878563993
g_tr_within_adr,56771,0.559320197044335,0.48389142343802294,0.11426549651165074,-4.380623041889129,-0.052020560269916416,-248692.35071108778
g_tr_in_active_session,89839,0.8851133004926108,0.4828192655750843,0.007049710217787997,-4.3857479610462935,-0.05714547942708048,-394011.21107243793
g_hod_quiet,17054,0.16801970443349754,0.4840506626011493,0.13018941282428864,-4.411522368262339,-0.08291988664312555,-75234.10246834593
g_hod_active,54994,0.5418128078817734,0.4817616467250973,-0.09871217478091276,-4.440905510392766,-0.11230302877355314,-244223.1576385398
g_hod_us_afternoon,21257,0.20942857142857144,0.4828997506703674,0.01509821974609582,-4.475604527218335,-0.14700204559912233,-95137.92543508015
g_sms_liq_reclaim_with,10358,0.10204926108374385,0.5100405483684108,2.7291779895504407,-4.493606788057466,-0.16500430643825315,-46544.77911069924
g_adx_strong,36110,0.3557635467980296,0.4787316532816394,-0.4017115191267018,-4.5180423915542445,-0.18943990993503146,-163146.51075902377
g_tr_above_pp,50514,0.4976748768472906,0.4865977748742923,0.3849006401385857,-4.593473521403345,-0.26487103978413185,-232034.72146016857
g_regime_trending_up,5354,0.0527487684729064,0.480575270825551,-0.21734976473554157,-4.653555329551484,-0.32495284793227075,-24915.135234418645
g_rf_strict_align,764,0.007527093596059113,0.5327225130890052,4.997374461609877,-4.727207509639128,-0.39860502801991515,-3611.5865373642937
g_hod_us_morning,15689,0.15457142857142858,0.4762572503027599,-0.6491518170146537,-4.81189142790823,-0.48328894628901686,-75493.76461245221
g_rf_in_band,28415,0.27995073891625616,0.4772831251099771,-0.5465643362929318,-4.833206594093264,-0.504604112474051,-137335.5653711601
g_rf_aged,8694,0.0856551724137931,0.4813664596273292,-0.1382308845577218,-5.17649074861469,-0.8478882669954766,-45004.410568456115
g_atr_high,24090,0.23733990147783252,0.4705271897052719,-1.2221578767634522,-5.2612753418766065,-0.9326728602573935,-126744.12298580745
g_regime_trending_dn,5055,0.04980295566502463,0.47556874381800196,-0.7180024654904471,-5.769788679410567,-1.441186197791354,-29166.281774420415
g_compression_loose,527,0.005192118226600985,0.3984819734345351,-8.426679503837132,-12.02394486235141,-7.695342380732197,-6336.618942459193
g_rsi_extreme_against,2251,0.022177339901477834,0.19102621057307864,-29.17225578998278,-16.96161054156519,-12.633008059945976,-38180.585329063244
