at_s,signal,outcome,won,entry_price,entry_qty,pnl_usd,hedged,condition_id,price_source
1780259423.906351,UP,Down,false,0.5,1.96,-0.980,false,0x38d1d84923827d0a9f1c905981095e1d9ae6b61241e1f6e1b4f67117e3edb7c3,onchain_oracle
1780078540.647943,DOWN,Up,false,0.5,2,-1.0,false,0xda5fa5281a6cf28cc8909d7b6725983aabc89556141dcf3aa4e62758e009ba1b,onchain_oracle
1780043430.196457,UP,Up,true,0.51,1.96,0.941192,false,0x44e8a8912cabda33b27ae5d76df740239a311f50393cd1260739dc2f157f787d,onchain_oracle
1780041620.289575,DOWN,Up,false,0.5,2,-1.0,false,0xfe8e434f9e7bda02c0fb96ecc5234bb91bd27e9d5c46341f69189563c0be9222,onchain_oracle
1780014644.154574,UP,Up,true,0.51,1.96,0.941192,false,0x66a9f9be0290d751b77432e0fec0172643cce05fdc1879cd707ddec9a07d6072,onchain_oracle
1779993927.058831,UP,Up,true,0.48,2.08,1.059968,false,0x8c6f6d8c345d836b4c16a17c74e1333332e6688c19f660bb9e315ed5b7e5126e,onchain_oracle
1779992136.257289,UP,Up,true,0.49,2.04,1.019592,false,0x49403b56d0977a31480ce0f55501961510d58bd30bddc3cc7adf0dcdac150b5f,onchain_oracle
1779985880.595869,DOWN,Up,false,0.5,2,-1.0,false,0x664e28e7c59fd6f669d7d2e02d52b37dba831837bbf82899c643a5c2410efc33,onchain_oracle
1779981327.460123,DOWN,Down,true,0.49,2.04,1.019592,false,0xf565ff3778b67fa876b0ffe78b403fe0dccf38057ae08ff088c49be51d76fe30,onchain_oracle
1779979591.770191,UP,Down,false,0.51,1.96,-0.9996,false,0xa689a98f1a90ba0657ca5cfe9c853dd4d9ee563f338b7012f3c1da57d5ed70f9,onchain_oracle
1779976866.983924,DOWN,Up,false,0.48,2.04,-0.9792,false,0x793876892d63fa753e677b4126dddb7b37d2cf70e8a4fe70669d2046fc288b7a,onchain_oracle
1779939946.615487,DOWN,Down,true,0.49,2,0.9996,false,0x857a89b2f19127df5331f2c645789cabbe48ab88f5354f06b3d624570b5fb744,onchain_oracle
1779932718.191427,DOWN,Down,true,0.49,2.04,1.019592,false,0xb1ca834f70f68334cd337c555aa1bfc43dbc333655d41f43bcc764b2388ca84b,onchain_oracle
1779927317.594720,UP,Down,false,0.51,1.96,-0.9996,false,0x31ce0b5df1946718cc52abcf5e13fbe1c94924ff3591788491e8aa2658e6b5e7,onchain_oracle
1779921924.443710,UP,Up,true,0.54,1.85,0.833980,false,0x0203ad9d973cfb22019165855079a6662b8cab502b791072c7ef3432493f358d,onchain_oracle
1779920130.922142,DOWN,Down,true,0.46,2.12,1.121904,false,0x416cc0959c4b141b0c241c6b6891b4537e7fca00444296595095dc62e7afee8d,onchain_oracle
1779900330.490182,DOWN,Up,false,0.5,2,-1.0,false,0xfc417a8b68a21c2ed411602d73517114d48d20abe89d433a331cd2dc20e2abc6,onchain_oracle
1779897626.262493,UP,Up,true,0.5,2,0.980,false,0x3690963175fee0c72699ec9ae00eba066f00ce60a21c462193a5cbcc2b61782b,onchain_oracle
1779892224.002301,UP,Down,false,0.51,1.96,-0.9996,false,0x5db0f63a1c21539e4fb6aabfcd5d0bd5b3465047d8e8d875e4a26215bea9d207,onchain_oracle
1779887731.091408,DOWN,Down,true,0.51,1.96,0.941192,false,0x871694129034a6ec346d5cf21b4f6ed03278bf3084309d6d55c0a2101157332d,onchain_oracle
1779858096.541263,DOWN,Up,false,0.47,2.12,-0.9964,false,0x211badedecb052d03b9cea5d184eaa12675968c3ac4755cf764445a46ab66094,onchain_oracle
1779838243.342581,UP,Up,true,0.51,1.96,0.941192,false,0x1d7578405328c52c733bca934252502fc46c50cd4a967c6fb636f486b2e7319f,onchain_oracle
1779818438.826665,DOWN,Down,true,0.48,2.08,1.059968,false,0x659e96df616a9ac716bfc587b200a15a02291adfaec5cd2025de5ece3d00535d,onchain_oracle
1779811249.431450,DOWN,Down,true,0.49,2.04,1.019592,false,0xf82beb42e507cdec76fd43fe8b4b3472113330d3987573fa19d55a999e123425,onchain_oracle
1779810353.370126,DOWN,Down,true,0.5,2,0.980,false,0x821820a34e717180c18c4195b0b3cbe678e519464739e39b237b7b674eafa687,onchain_oracle
1779804938.946493,UP,Up,true,0.51,1.96,0.941192,false,0xab198d374f29bb4679f8e1839485953d5d638ece56d73ca9e090b4c58eaa36b5,onchain_oracle
1779765326.139226,DOWN,Down,true,0.5,2,0.980,false,0xbfc828a235e0b5d5ab9ded1d19bfd05d59352b121940db585ea4aaf99e43a173,onchain_oracle
1779750037.045424,DOWN,Down,true,0.5,2,0.980,false,0x82a75dfc0e4f8652401d450c120ba6b8f9dea765007e77d2b9f61ee49ec8301d,onchain_oracle
1779708626.875895,DOWN,Down,true,0.5,2,0.980,false,0x6499bbb1bded99c9d30626adab3a27ce97e729c42a995271ff11a9e0331901e1,onchain_oracle
1779641143.120089,UP,Down,false,0.5,1.96,-0.980,false,0x83f6a84bd6239dcc860af8f253a496703960729d2155772577c4bdf4f0c18750,onchain_oracle
1779633945.418287,DOWN,Up,false,0.48,2.08,-0.9984,false,0xdb5a1e9ca9a59def56dfd8d9fc12b37d728bec0b04399518cf13bcc3cfeb068b,onchain_oracle
1779626739.638231,DOWN,Up,false,0.5,2,-1.0,false,0x5652d8e78feae0b77c45b321fb3bede70b17f0437a9f2f916baa76c8cf9c7025,onchain_oracle
1779552021.159767,DOWN,Up,false,0.52,1.92,-0.9984,false,0x006e47522ab964be971b01d04f1bcfbc03947eef1b2fbb763c4087431ca45137,onchain_oracle
1779543936.298508,UP,Down,false,0.48,2.08,-0.9984,false,0x2f4539c632555f994fea56f61e44a232a2bc4fdd089427c984424e6fde367b7c,onchain_oracle
1779523239.536971,DOWN,Down,true,0.46,2.17,1.148364,false,0x52a919a3ecc69e3d9bcbeedaad79bb6496fa776ea9089bfd156030948f9507fb,onchain_oracle
1779502535.755798,DOWN,Down,true,0.5,2,0.980,false,0x217eac1ad3b239a341573428700cee109489bd0f0a9ffb67540d607b8527b02c,onchain_oracle
1779477341.711770,DOWN,Down,true,0.47,2.08,1.080352,false,0x7b622c7626d66918e5f2640a8cfff02d6fbccf48dfa74393df5d8f342bd9b359,onchain_oracle
1779473746.524288,DOWN,Up,false,0.51,1.96,-0.9996,false,0x5eb6e558c145a3048689cf671e07b5445e05fa1dd7ca8acce4fe02a04f8fce01,onchain_oracle
1779435042.759563,DOWN,Up,false,0.49,2.04,-0.9996,false,0xc4f7356bdf71044186b381cff11ef8eabec3d04f01dbf47b44356bb8087274d3,onchain_oracle
1779385536.559311,UP,Down,false,0.47,2.12,-1.033366,false,0x7ea78c4432034779c81a675537197d82b70885591106dd5f557c227b48a4d391,onchain_oracle
1779384623.449841,UP,Up,true,0.51,1.96,0.906906,false,0xcf29b53ae9af963f19447b5a5121c6c24743629dbd7f70dad14d35b96f000845,onchain_oracle
1779374744.293780,DOWN,Down,true,0.5,2,0.945000,false,0x991c3a3f837c2fe1587437f27fb5b19015632b1dff40f3068fbf1560a1ade320,onchain_oracle
1779361234.528831,DOWN,Down,true,0.48,2.08,1.023626,false,0x5519209a61f814a539cc609631c6a5b211f26098cceb59c961e243c6b62d3965,onchain_oracle
1779326140.359398,UP,Up,true,0.47,2.12,1.064162,false,0x4f277405b44ec0bd08282132b0c7cf3d523b859fd752507d3bb4160827af11c7,onchain_oracle
1780265786.381609,UP,Up,true,0.47,2.04,1.04562852,false,0xa464dc1a746a8a46a5326eae6f6aceb8a3386df99e1fe65d8055a2b8e9608e3d,onchain_oracle
1780270229.888394,UP,Down,false,0.47,2.04,-0.9588,false,0xcfb8afa381e9bb855fa56671f5a423dd22fb2a7010f3178990b76e99adef502a,onchain_oracle
1780328745.063093,DOWN,Up,false,0.47,2.08,-0.9776,false,0xf6714df318643dc27e7bedcf4d8bb88d8a0b2184746e02df0b501fe6ec328f92,onchain_oracle
1780324225.599040,UP,Down,false,0.51,1.85,-0.9435,false,0x791e1c1c288a7226e62aeb861b8f9f23586ee14cecc7d37ae6d1e59bee936d8d,onchain_oracle
1780365627.498830,DOWN,Down,true,0.5,2,0.9650,false,0xd9dbb375e9d9442a62481cad510e4c916d233d4e7cef2ebe1a00687d217688f3,onchain_oracle
1780304425.308004,DOWN,Up,false,0.48,2.08,-0.9984,false,0xc1e5e9510bcb501276d8eb3267bb4cfbb546a24ad3133c1211a835b5525ad284,onchain_oracle
1780317039.710391,DOWN,Up,false,0.47,2.12,-0.9964,false,0x424799c9e087c8b166f8e219ce6f9483880c3ba98d84edb7f685e13f9b1c8cdb,onchain_oracle
1780341346.434818,DOWN,Down,true,0.5,2,0.9650,false,0x438ab5991ec83774295ac120ca0000aa95f82d211b897a1b900094a3b8df38fa,onchain_oracle
1780344938.457709,DOWN,Down,true,0.5,2,0.9650,false,0x44cf7e25af025993aa216fd9be1ea2ab46c2b2cedaaa2bdaad2ad646248fafa5,onchain_oracle
1780366528.112748,DOWN,Down,true,0.48,2.08,1.04525824,false,0xf30205797247f15c4bcca4a4846371dfeba40866227eae567592d937ad36447e,onchain_oracle
1780368329.475340,DOWN,Down,true,0.48,2.08,1.04525824,false,0xbdafa08190c47baa9126ce65ace6c319199c3a55fb43c25a1b203caf11b77829,onchain_oracle
1780379139.298285,DOWN,Down,true,0.5,2,0.9650,false,0xb044fecd86f19bbeed273c0245b569fecefef26904c82346dfb31bf264c32ca4,onchain_oracle
1780385443.052316,DOWN,Down,true,0.48,2.08,1.04525824,false,0x5d8ed3ab229cc8b35a47ab6b8200d49565d9833611a9293fb925c84cf0c4bf55,onchain_oracle
1780392639.287498,DOWN,Down,true,0.47,2.08,1.06613104,false,0x452b502b72b3f2f3782e23d73cab475764d457c9342d90a62e5fde9b5bf61099,onchain_oracle
1780410616.931722,DOWN,Down,true,0.5,2,0.9650,false,0x524c4286253c8d17913aa6292f9dfa4d32ebdd4603621267aebde710d7ecbf27,onchain_oracle
1780413335.641298,UP,Down,false,0.5,2,-1.0,false,0xffbea5a5b5100c7fadab1128653af06acd30de37845be2d2c847a4dd31318405,onchain_oracle
1780414227.716653,DOWN,Down,true,0.51,1.96,0.92611372,false,0xe8865168ff0246e43cb36f9efe94a444e7562e915bed0f6e6fbe61097ac54a46,onchain_oracle
1780415126.416531,DOWN,Down,true,0.51,1.96,0.92611372,false,0x40e2cf0e3b2bd8f6f7d01878ed8d8eaf7f0f09fd1d685cafe5d677650e1d3563,onchain_oracle
1780416953.461471,UP,Up,true,0.5,2,0.9650,false,0xc2c167acee9ae6b73d19f0eb434a7a0faf9180b9b99d572c48497bae55402431,onchain_oracle
1780425047.964765,UP,Down,false,0.51,1.96,-0.9996,false,0xc3ce8450a3e7fa65db6cf6790e0f3557f7cc18df40d26ea4eb2521862fd40137,onchain_oracle
1780429539.416727,DOWN,Down,true,0.5,2,0.9650,false,0xd19fee95574d293017145376ebb9d8e995b3d9d85de73ff1fcc67c348add7864,onchain_oracle
1780430423.608879,DOWN,Up,false,0.48,2.08,-0.9984,false,0x52f99da6fc941efeee52dceab79617fb071ce9d34579012765ea035eb9a08c9d,onchain_oracle
1780439442.879727,DOWN,Up,false,0.5,2,-1.0,false,0xc66ab9e0bac6f848b735a462707063f34b5a3c13afbb5825a3d9e01bd945d72e,onchain_oracle
1780442118.429028,DOWN,Up,false,0.5,2,-1.0,false,0x35ff131348f908d3f593c607d9df6a72eec3c54c8a20f3e4c9d324f7d0e08357,onchain_oracle
1780443029.453152,DOWN,Down,true,0.48,2.08,1.04525824,false,0xc3dae34fea6af274ebe53d41ec2499583464221b78c4c733e7020bbadd54b3c1,onchain_oracle
1780444825.718791,DOWN,Up,false,0.5,2,-1.0,false,0x40cef9de18161d2ad3b83128dfc79bbe77143d723f503338d584a8ec5dddcec1,onchain_oracle
1780450228.015309,DOWN,Up,false,0.51,1.96,-0.9996,false,0xa43a5efa496544eb7c76a2a55870feb82c167f6fe41432a2514ee8ca29093a7c,onchain_oracle
1780461949.175256,UP,Down,false,0.51,1.96,-0.9996,false,0x53fa6818bf4748a9a92483fe48d0190ac4c4f7c04543c0acdb923e7b1c2ae6e7,onchain_oracle
1780466441.162696,DOWN,Up,false,0.51,1.96,-0.9996,false,0x2471f2d7a55eb950e18674a7c30856669621bb8104b0b54dd41ed958b26ea128,onchain_oracle
1780465581.520757,UP,Down,false,0.48,2.08,-0.9984,false,0xfb96a41e4f86495fca12122d593eeb92bd7db913d5ed6085a294be57ca2b428a,onchain_oracle
1780471885.572797,DOWN,Up,false,0.5,2,-1.0,false,0xe3a0a3e7e00365cba1d7a5328e9391e4e49092634bcc2028fbf8409bd149b29f,onchain_oracle
1780472752.202417,UP,Up,true,0.51,1.96,0.92611372,false,0xdaaca27e649d3f890d89aa13a67a7cc7c8961eeb73a40e381eac8b076a6c98f0,onchain_oracle
1780493435.426456,UP,Down,false,0.5,1.96,-0.980,false,0x6fcf369cc439b478304242c2e9d315b1cb0ae2c46638fb6461d6884fce9330df,onchain_oracle
1780489867.048238,DOWN,Up,false,0.5,2,-1.0,false,0x1475deb4f4607b2592fa99363559805fd1512ee4cd44864eccdc6703ba6d3e05,onchain_oracle
