sleeve_id,gate,split,n,wr,dpt,sum,dpt_ci95_lo,dpt_ci95_hi
01_btc_5m_s6_hybrid_v2_sms,none,train,480,0.7770833333333333,0.7647359273502956,367.0732451281419,-0.615297529456454,2.098609473399294
01_btc_5m_s6_hybrid_v2_sms,none,val,200,0.78,0.17148775307496464,34.29755061499293,-1.9142985143499407,2.319909256141732
01_btc_5m_s6_hybrid_v2_sms,none,lockbox,160,0.8,1.3374751022162008,213.99601635459214,-1.2702450812409865,3.688073814835376
01_btc_5m_s6_hybrid_v2_sms,g_as_stable,train,144,0.8333333333333334,0.7547365448451292,108.6820624576986,-1.6805418873629354,2.432971991476833
01_btc_5m_s6_hybrid_v2_sms,g_as_stable,val,70,0.8285714285714286,1.1226801333628944,78.5876093354026,-1.8230813498143772,3.966926131895758
01_btc_5m_s6_hybrid_v2_sms,g_as_stable,lockbox,34,0.7352941176470589,-1.544160040924465,-52.501441391431804,-6.345102001799624,3.169022043036083
01_btc_5m_s6_hybrid_v2_sms,g_as_norm_lt_05,train,69,0.8985507246376812,3.61996111822797,249.77731715772993,1.1933220620933442,6.460062118958041
01_btc_5m_s6_hybrid_v2_sms,g_as_norm_lt_05,val,18,0.6111111111111112,-6.696506040735444,-120.53710873323799,-13.47783392712099,-0.32407757811129556
01_btc_5m_s6_hybrid_v2_sms,g_as_norm_lt_05,lockbox,18,0.7222222222222222,-2.6056378736663737,-46.90148172599473,-10.43912437301054,4.180266776543421
01_btc_5m_s6_hybrid_v2_sms,g_as_unstable_skip,train,204,0.8088235294117647,0.2670531322965517,54.47883898849655,-1.769321954188473,2.495452618681592
01_btc_5m_s6_hybrid_v2_sms,g_as_unstable_skip,val,115,0.8521739130434782,1.4515804427794683,166.93175091963886,-0.9937688307233051,3.522159929364418
01_btc_5m_s6_hybrid_v2_sms,g_as_unstable_skip,lockbox,44,0.6818181818181818,-2.125185970543726,-93.50818270392394,-7.6419580221619094,2.9844239111922772
01_btc_5m_s6_hybrid_v2_sms,g_as_norm_lt_15,train,176,0.8238636363636364,0.2439000193518969,42.926403405933854,-1.8786007445423432,1.8723300033540478
01_btc_5m_s6_hybrid_v2_sms,g_as_norm_lt_15,val,98,0.8469387755102041,1.7109978210737362,167.67778646522615,-1.1442733962775689,4.406625788154191
01_btc_5m_s6_hybrid_v2_sms,g_as_norm_lt_15,lockbox,38,0.7105263157894737,-1.2065463825462774,-45.84876253675854,-6.696846007859919,4.932602706770034
01_btc_5m_s6_hybrid_v2_sms,g_hy_cb_with_dir,train,407,0.8132678132678133,1.0025358704429588,408.0320992702842,-0.13317288981162875,2.108002370420967
01_btc_5m_s6_hybrid_v2_sms,g_hy_cb_with_dir,val,122,0.8114754098360656,0.7635715306726438,93.15572674206254,-2.096722123301849,3.687832755291839
01_btc_5m_s6_hybrid_v2_sms,g_hy_cb_with_dir,lockbox,74,0.7972972972972973,0.05683812322258864,4.2060211184715595,-3.7323110948324842,3.1391794636463652
01_btc_5m_s6_hybrid_v2_sms,g_as_stable_AND_hy_with,train,129,0.8527131782945736,1.3365586555306799,172.4160665634577,-0.632659940925799,3.2635643966305192
01_btc_5m_s6_hybrid_v2_sms,g_as_stable_AND_hy_with,val,48,0.8125,1.172245016718816,56.267760802503176,-2.194248140092594,5.216972081790577
01_btc_5m_s6_hybrid_v2_sms,g_as_stable_AND_hy_with,lockbox,16,0.625,-6.594960824710869,-105.5193731953739,-14.236207866918026,-0.16538808598321908
02_btc_5m_s6_hybrid_v1,none,train,6565,0.7046458492003046,0.16311663461004242,1070.8607062149285,-0.31686247143942436,0.6316221856171865
02_btc_5m_s6_hybrid_v1,none,val,1138,0.7917398945518453,0.7045337659633811,801.7594256663277,-0.30547731798520694,1.7571646122324092
02_btc_5m_s6_hybrid_v1,none,lockbox,2710,0.7214022140221402,2.0236173062135285,5484.002899838662,1.2188298034614324,2.7713123355913694
02_btc_5m_s6_hybrid_v1,g_as_stable,train,888,0.8198198198198198,0.5120537947698675,454.7037697556423,-0.4105073811646265,1.4007201777098641
02_btc_5m_s6_hybrid_v1,g_as_stable,val,460,0.8239130434782609,1.1684343100595656,537.4797826274001,0.08150975158554562,2.410025894191067
02_btc_5m_s6_hybrid_v1,g_as_stable,lockbox,352,0.7329545454545454,2.5557403568099044,899.6206055970864,0.31526437987013206,5.381089578860638
02_btc_5m_s6_hybrid_v1,g_as_norm_lt_05,train,430,0.858139534883721,1.7600134069272946,756.8057649787366,0.697868994046803,2.876120967142306
02_btc_5m_s6_hybrid_v1,g_as_norm_lt_05,val,148,0.8243243243243243,0.7629007641335162,112.9093130917604,-1.291354361261366,3.091914716264404
02_btc_5m_s6_hybrid_v1,g_as_norm_lt_05,lockbox,208,0.7067307692307693,0.2458253613780512,51.13167516663465,-2.2450238066931343,3.0240772355220034
02_btc_5m_s6_hybrid_v1,g_as_unstable_skip,train,1325,0.7969811320754717,0.417552824107551,553.2574919425051,-0.3456954312473117,1.3044834279389175
02_btc_5m_s6_hybrid_v1,g_as_unstable_skip,val,750,0.8186666666666667,0.9004214315879908,675.3160736909931,-0.10446175038198215,1.8520401543564067
02_btc_5m_s6_hybrid_v1,g_as_unstable_skip,lockbox,451,0.7361419068736141,2.3949037000184568,1080.101568708324,0.48911317421208367,4.550066747473167
02_btc_5m_s6_hybrid_v1,g_as_norm_lt_15,train,1160,0.8017241379310345,0.029772164009987816,34.53571025158587,-0.8362609834602515,0.8372992705661008
02_btc_5m_s6_hybrid_v1,g_as_norm_lt_15,val,650,0.823076923076923,1.1181971468169805,726.8281454310373,0.008778464094280321,2.1416796358727996
02_btc_5m_s6_hybrid_v1,g_as_norm_lt_15,lockbox,410,0.7365853658536585,2.63571963985318,1080.645052339804,0.8216680743066394,5.090630915493534
02_btc_5m_s6_hybrid_v1,g_hy_cb_with_dir,train,5160,0.7426356589147287,0.19529616872686612,1007.7282306306291,-0.22095335671233465,0.5370849741386534
02_btc_5m_s6_hybrid_v1,g_hy_cb_with_dir,val,685,0.8175182481751825,1.0239827125267211,701.428158080804,0.028614601260944925,2.266916348031308
02_btc_5m_s6_hybrid_v1,g_hy_cb_with_dir,lockbox,1321,0.7024981074943225,1.360327785570377,1796.993004738468,0.23471750879850356,2.5471964432898457
02_btc_5m_s6_hybrid_v1,g_as_stable_AND_hy_with,train,776,0.8311855670103093,0.5141500530402872,398.9804411592628,-0.328484953477075,1.4710867539041554
02_btc_5m_s6_hybrid_v1,g_as_stable_AND_hy_with,val,285,0.8350877192982457,0.8579214754988584,244.50762051717464,-0.41093308706458365,2.2430331806942765
02_btc_5m_s6_hybrid_v1,g_as_stable_AND_hy_with,lockbox,187,0.6684491978609626,1.1938327840336826,223.24673061429866,-2.7873048672643392,5.049900279135023
03_eth_5m_s6_hybrid_v2_sms,none,train,1292,0.7267801857585139,-0.06207378791427856,-80.1993339852479,-0.9537831866751325,0.8682546982983828
03_eth_5m_s6_hybrid_v2_sms,none,val,221,0.7601809954751131,0.06752448207447771,14.922910538459575,-1.8564420649152673,2.0515643311878247
03_eth_5m_s6_hybrid_v2_sms,none,lockbox,615,0.7382113821138211,0.5207837730319218,320.2820204146319,-0.8372657824051781,1.9311259320090761
03_eth_5m_s6_hybrid_v2_sms,g_as_stable,train,191,0.6963350785340314,-3.0564530366205434,-583.7825299945238,-5.300021557562349,-0.6183418277751886
03_eth_5m_s6_hybrid_v2_sms,g_as_stable,val,93,0.7849462365591398,-0.020423710090046895,-1.8994050383743613,-2.4130218790995293,2.6630359716243355
03_eth_5m_s6_hybrid_v2_sms,g_as_stable,lockbox,61,0.7377049180327869,0.889255074543565,54.244559547157465,-3.92309730318962,5.572147060172935
03_eth_5m_s6_hybrid_v2_sms,g_as_norm_lt_05,train,94,0.7446808510638298,-1.6312189908880133,-153.33458514347325,-4.906801211905387,1.3504220540226108
03_eth_5m_s6_hybrid_v2_sms,g_as_norm_lt_05,val,37,0.7837837837837838,-1.112944027653735,-41.178929023188196,-5.67525995859739,2.6923794838107447
03_eth_5m_s6_hybrid_v2_sms,g_as_norm_lt_05,lockbox,35,0.7428571428571429,-1.0408912250045501,-36.431192875159255,-6.231097747254095,3.2854320925170084
03_eth_5m_s6_hybrid_v2_sms,g_as_unstable_skip,train,253,0.7272727272727273,-2.3179360950144754,-586.4378320386622,-4.016078596310955,-0.5080788272019429
03_eth_5m_s6_hybrid_v2_sms,g_as_unstable_skip,val,134,0.753731343283582,-0.17275357553360918,-23.14897912150363,-2.7922130060906674,2.225894741458281
03_eth_5m_s6_hybrid_v2_sms,g_as_unstable_skip,lockbox,86,0.7906976744186046,2.769291923035626,238.15910538106385,-0.726425255208941,6.53169994172416
03_eth_5m_s6_hybrid_v2_sms,g_as_norm_lt_15,train,220,0.7181818181818181,-2.482100067904905,-546.0620149390791,-4.22667772286903,-0.33325606541601077
03_eth_5m_s6_hybrid_v2_sms,g_as_norm_lt_15,val,114,0.7719298245614035,-0.09527827204476834,-10.86172301310359,-2.8278105304071524,2.656594811186523
03_eth_5m_s6_hybrid_v2_sms,g_as_norm_lt_15,lockbox,74,0.7702702702702703,1.685503593168895,124.72726589449823,-1.9118418330197,5.459965843771522
03_eth_5m_s6_hybrid_v2_sms,g_hy_cb_with_dir,train,997,0.7612838515546639,-0.25200720338735116,-251.25118177718912,-1.1787914289503398,0.666864835567425
03_eth_5m_s6_hybrid_v2_sms,g_hy_cb_with_dir,val,125,0.792,-0.006751697332160859,-0.8439621665201074,-2.464711462408951,2.5308680180743157
03_eth_5m_s6_hybrid_v2_sms,g_hy_cb_with_dir,lockbox,331,0.797583081570997,1.9219401420840119,636.1621870298079,0.4110041038427931,3.813146043162244
03_eth_5m_s6_hybrid_v2_sms,g_as_stable_AND_hy_with,train,162,0.7160493827160493,-3.028662685610814,-490.64335506895185,-5.008828689694337,-0.6623342689371983
03_eth_5m_s6_hybrid_v2_sms,g_as_stable_AND_hy_with,val,55,0.8,-0.05273232959527879,-2.9002781277403336,-3.8741286133055413,3.0343508261618504
03_eth_5m_s6_hybrid_v2_sms,g_as_stable_AND_hy_with,lockbox,39,0.7435897435897436,0.5564578891088848,21.701857675246508,-4.781113276166671,6.7293388359801805
04_eth_5m_s6_hybrid_v1,none,train,12388,0.6831611236680659,-0.5000149201551312,-6194.184830881764,-0.8201025016227642,-0.14590793251071166
04_eth_5m_s6_hybrid_v1,none,val,1505,0.7700996677740863,0.5691461969194324,856.5650263637457,-0.20191505218239383,1.5145323608422545
04_eth_5m_s6_hybrid_v1,none,lockbox,5638,0.7045051436679673,0.9754635105032131,5499.663272217115,0.41018617959445697,1.4690607649493785
04_eth_5m_s6_hybrid_v1,g_as_stable,train,1361,0.7942689199118296,-0.3091971237778822,-420.8172854616977,-1.1392472827155122,0.5988695023181365
04_eth_5m_s6_hybrid_v1,g_as_stable,val,730,0.8013698630136986,0.8778651505755983,640.8415599201868,-0.2782747016381816,2.0531613869836662
04_eth_5m_s6_hybrid_v1,g_as_stable,lockbox,671,0.7108792846497765,0.6617396151637527,444.0272817748781,-0.7534449943565923,2.090727302597455
04_eth_5m_s6_hybrid_v1,g_as_norm_lt_05,train,699,0.8168812589413448,0.07263941093565271,50.774948244021246,-0.8317790091414669,0.8705756567815114
04_eth_5m_s6_hybrid_v1,g_as_norm_lt_05,val,305,0.8098360655737705,0.1830602072852622,55.83336322200498,-1.3941499708821954,1.6534623197010057
04_eth_5m_s6_hybrid_v1,g_as_norm_lt_05,lockbox,402,0.7213930348258707,0.6035394757850189,242.6228692655776,-1.1386153650004271,2.2274784474237355
04_eth_5m_s6_hybrid_v1,g_as_unstable_skip,train,1877,0.7847629195524773,-0.023879731911042482,-44.82225679702674,-0.6743099276798238,0.6344673135470583
04_eth_5m_s6_hybrid_v1,g_as_unstable_skip,val,1061,0.7973609802073516,0.9875132481062323,1047.7515562407125,0.04095724057974039,2.0052062414369574
04_eth_5m_s6_hybrid_v1,g_as_unstable_skip,lockbox,861,0.7200929152148664,0.8178556330644935,704.1737000685289,-0.42280710882616124,2.2796632729466793
04_eth_5m_s6_hybrid_v1,g_as_norm_lt_15,train,1669,0.793289394847214,0.026732962183677534,44.6173138845578,-0.5902644495596631,0.6328310405353561
04_eth_5m_s6_hybrid_v1,g_as_norm_lt_15,val,919,0.794341675734494,0.7160051757891304,658.0087565502108,-0.24634360767279262,1.779584207970861
04_eth_5m_s6_hybrid_v1,g_as_norm_lt_15,lockbox,787,0.7153748411689962,0.6866722455993971,540.4110572867255,-0.2797335386167269,2.0819038613076177
04_eth_5m_s6_hybrid_v1,g_hy_cb_with_dir,train,9360,0.7238247863247863,-0.5769521108363567,-5400.271757428299,-0.8948711927264891,-0.260482614458279
04_eth_5m_s6_hybrid_v1,g_hy_cb_with_dir,val,892,0.7881165919282511,0.7775686035021078,693.5911943238801,-0.4236440744425417,1.895432658891159
04_eth_5m_s6_hybrid_v1,g_hy_cb_with_dir,lockbox,2781,0.695433297375045,0.29513699622546863,820.7759865030282,-0.3498778743461781,0.9702971598015677
04_eth_5m_s6_hybrid_v1,g_as_stable_AND_hy_with,train,1146,0.8054101221640488,-0.6383586748538369,-731.5590413824971,-1.3172107003256894,0.11290228610087356
04_eth_5m_s6_hybrid_v1,g_as_stable_AND_hy_with,val,435,0.8,0.6425140986698443,279.4936329213823,-0.8228466032996673,2.1588337518813896
04_eth_5m_s6_hybrid_v1,g_as_stable_AND_hy_with,lockbox,354,0.7090395480225988,0.2881780826811543,102.01504126912863,-1.3894728012752626,2.2589164127317702
05_btc_5m_off120_sms_liq,none,train,476,0.592436974789916,-1.5950682628720336,-759.252493127088,-3.4324514939927564,0.8422873360955727
05_btc_5m_off120_sms_liq,none,val,87,0.7701149425287356,1.1817288559695514,102.81041046935097,-2.233236526434192,5.628562986316312
05_btc_5m_off120_sms_liq,none,lockbox,237,0.4978902953586498,-4.299466233336347,-1018.9734973007144,-7.7702190057247575,-0.07838842773830729
05_btc_5m_off120_sms_liq,g_as_stable,train,59,0.7457627118644068,-2.122637114928439,-125.2355897807779,-5.488539064260641,1.4460757438605132
05_btc_5m_off120_sms_liq,g_as_stable,val,27,0.8148148148148148,1.1830429303083871,31.94215911832645,-5.085582101583731,6.600986489107401
05_btc_5m_off120_sms_liq,g_as_stable,lockbox,52,0.5,-2.853460230244435,-148.37993197271064,-9.361562946970714,5.790933739319352
05_btc_5m_off120_sms_liq,g_as_norm_lt_05,train,27,0.8518518518518519,1.5645045196959524,42.24162203179071,-2.58803924850424,5.505010648994745
05_btc_5m_off120_sms_liq,g_as_norm_lt_05,val,7,0.5714285714285714,-8.325638515988132,-58.27946961191692,,
05_btc_5m_off120_sms_liq,g_as_norm_lt_05,lockbox,24,0.5416666666666666,4.3461997227945135,104.30879334706833,-9.787712584739575,16.754721201981035
05_btc_5m_off120_sms_liq,g_as_unstable_skip,train,87,0.735632183908046,-2.2181806327343665,-192.98171504788988,-5.030717465585389,1.373711014475885
05_btc_5m_off120_sms_liq,g_as_unstable_skip,val,44,0.8409090909090909,1.9783033549905327,87.04534761958344,-2.629646046846435,6.331722716131985
05_btc_5m_off120_sms_liq,g_as_unstable_skip,lockbox,62,0.5161290322580645,-0.5896391319478493,-36.55762618076666,-7.640453936464331,7.363469646208199
05_btc_5m_off120_sms_liq,g_as_norm_lt_15,train,72,0.75,-2.3596703079705197,-169.89626217387743,-5.7885658116654115,0.7162792137543383
05_btc_5m_off120_sms_liq,g_as_norm_lt_15,val,36,0.8055555555555556,1.5141805516757993,54.51049986032878,-3.209077483420566,6.476618761942207
05_btc_5m_off120_sms_liq,g_as_norm_lt_15,lockbox,59,0.5254237288135594,0.08941876529773868,5.275707152566582,-8.040963166342697,8.20006323426816
05_btc_5m_off120_sms_liq,g_hy_cb_with_dir,train,306,0.7026143790849673,-0.5935667731314551,-181.63143257822526,-2.4202313295414974,1.7240058860613796
05_btc_5m_off120_sms_liq,g_hy_cb_with_dir,val,53,0.7924528301886793,2.715027139634236,143.8964384006145,-3.1253078100551117,9.049728850034535
05_btc_5m_off120_sms_liq,g_hy_cb_with_dir,lockbox,116,0.49137931034482757,-5.940100750399386,-689.0516870463288,-10.593238086372043,-1.700849132369396
05_btc_5m_off120_sms_liq,g_as_stable_AND_hy_with,train,53,0.7735849056603774,-1.1020338593592394,-58.40779454603968,-4.66089168208724,2.8150457289615125
05_btc_5m_off120_sms_liq,g_as_stable_AND_hy_with,val,19,0.8421052631578947,3.0724624041346775,58.376785678558875,-4.113187209166321,9.266811609719143
05_btc_5m_off120_sms_liq,g_as_stable_AND_hy_with,lockbox,30,0.4,-12.288004145388223,-368.6401243616467,-18.222292360234363,-7.594062269462485
06_eth_5m_s15_hybrid_v1,none,train,7267,0.8059722031099491,0.5352601920420177,3889.735815569343,-0.03775630517925456,1.091694990724954
06_eth_5m_s15_hybrid_v1,none,val,1524,0.8418635170603674,1.2849626141962474,1958.283024035081,0.22517458657039124,2.4185900474222572
06_eth_5m_s15_hybrid_v1,none,lockbox,2724,0.7797356828193832,-0.1910276486328436,-520.359314875866,-0.8693982425942751,0.5502448945951751
06_eth_5m_s15_hybrid_v1,g_as_stable,train,2164,0.8636783733826248,0.5180771617741231,1121.1189780792024,-0.18131158799285563,1.3520273285401971
06_eth_5m_s15_hybrid_v1,g_as_stable,val,1188,0.8611111111111112,0.9499878059867167,1128.5855135122194,-0.09494461536436553,1.6954755033018512
06_eth_5m_s15_hybrid_v1,g_as_stable,lockbox,474,0.7974683544303798,-0.609896375184914,-289.09088183764925,-2.1535190314079515,0.6873176259350686
06_eth_5m_s15_hybrid_v1,g_as_norm_lt_05,train,1577,0.8719086873811034,0.22235998661351414,350.6616988895118,-0.3740574281770061,0.8715703695518363
06_eth_5m_s15_hybrid_v1,g_as_norm_lt_05,val,857,0.8774795799299884,1.1202371459232339,960.0432340562114,0.20604572764714996,2.1179166198934265
06_eth_5m_s15_hybrid_v1,g_as_norm_lt_05,lockbox,355,0.8028169014084507,-0.7049255839211809,-250.2485822920192,-2.4267166223895233,0.551927271368998
06_eth_5m_s15_hybrid_v1,g_as_unstable_skip,train,2470,0.8566801619433199,0.4593381751810434,1134.5652926971773,-0.18670363325620454,1.2186644542719014
06_eth_5m_s15_hybrid_v1,g_as_unstable_skip,val,1380,0.8492753623188406,1.2446018975803597,1717.5506186608964,0.2195807211487704,2.6540250956854914
06_eth_5m_s15_hybrid_v1,g_as_unstable_skip,lockbox,549,0.7941712204007286,-0.824330075757224,-452.55721159071595,-2.0664953520037255,0.30443350303816913
06_eth_5m_s15_hybrid_v1,g_as_norm_lt_15,train,2368,0.859375,0.47516005333490186,1125.1790062970476,-0.23314906775488517,1.293217338221473
06_eth_5m_s15_hybrid_v1,g_as_norm_lt_15,val,1306,0.8506891271056661,0.797336545723345,1041.3215287146886,-0.09015242533176694,1.7457710073835428
06_eth_5m_s15_hybrid_v1,g_as_norm_lt_15,lockbox,524,0.7938931297709924,-0.7958505780611805,-417.0257029040586,-2.0802447628340954,0.6050159442601085
06_eth_5m_s15_hybrid_v1,g_hy_cb_with_dir,train,5657,0.8226975428672442,-0.017050983489506,-96.45741360013545,-0.4432973023328781,0.4626530199015087
06_eth_5m_s15_hybrid_v1,g_hy_cb_with_dir,val,913,0.8543263964950711,1.5180581871857564,1385.9871249005955,0.053262111567439624,3.1907490245686847
06_eth_5m_s15_hybrid_v1,g_hy_cb_with_dir,lockbox,1327,0.7867370007535796,0.07663976790632189,101.70097201168915,-0.9766508072270246,1.1017410105097465
06_eth_5m_s15_hybrid_v1,g_as_stable_AND_hy_with,train,1899,0.8657187993680885,0.30638066266869995,581.8168784078612,-0.35422026041770266,1.3015266394249454
06_eth_5m_s15_hybrid_v1,g_as_stable_AND_hy_with,val,714,0.8697478991596639,0.6314077982796185,450.82516797164755,-0.2063885003981279,1.6891684346557139
06_eth_5m_s15_hybrid_v1,g_as_stable_AND_hy_with,lockbox,229,0.8296943231441049,-0.014200731811097293,-3.25196758474128,-1.675574597557623,1.6495734723981255
07_btc_5m_s15_hybrid_v1,none,train,4207,0.7653910149750416,0.465070840106081,1956.5530243262829,-0.3716685821205191,1.2968445069769683
07_btc_5m_s15_hybrid_v1,none,val,604,0.8460264900662252,1.0987236299220193,663.6290724728997,-0.12489530427639871,2.3961807531287898
07_btc_5m_s15_hybrid_v1,none,lockbox,1878,0.739084132055378,2.0731265503735545,3893.3316616015354,0.6684953131234788,3.774726140493937
07_btc_5m_s15_hybrid_v1,g_as_stable,train,825,0.8787878787878788,2.42621995502697,2001.6314628972505,0.9053864888717356,5.089197936286767
07_btc_5m_s15_hybrid_v1,g_as_stable,val,446,0.8542600896860987,0.6933141774951895,309.2181231628545,-0.5983912153242422,1.8216131591015605
07_btc_5m_s15_hybrid_v1,g_as_stable,lockbox,301,0.7873754152823921,0.3807046794497175,114.59210851436495,-1.403499126756864,2.2370558479121385
07_btc_5m_s15_hybrid_v1,g_as_norm_lt_05,train,556,0.8920863309352518,1.4042835098859,780.7816314965603,0.3312348966625569,2.4184848666218146
07_btc_5m_s15_hybrid_v1,g_as_norm_lt_05,val,288,0.8888888888888888,1.4453063751191122,416.24823603430434,0.08402993036988463,2.9867760959099763
07_btc_5m_s15_hybrid_v1,g_as_norm_lt_05,lockbox,233,0.8025751072961373,1.2451186426130427,290.112643728839,-0.8248196177762315,3.81552568981761
07_btc_5m_s15_hybrid_v1,g_as_unstable_skip,train,972,0.8755144032921811,3.717441044625353,3613.3526953758433,0.9683635057851848,7.061255240339565
07_btc_5m_s15_hybrid_v1,g_as_unstable_skip,val,547,0.8555758683729433,0.9736583784774234,532.5911330271506,-0.42630030224131843,2.2117886310437482
07_btc_5m_s15_hybrid_v1,g_as_unstable_skip,lockbox,342,0.7865497076023392,0.30972583889901906,105.92623690346451,-1.452330714745495,1.9020415924933567
07_btc_5m_s15_hybrid_v1,g_as_norm_lt_15,train,928,0.875,3.698954332157677,3432.629620242324,0.8716980866225731,7.149867698407677
07_btc_5m_s15_hybrid_v1,g_as_norm_lt_15,val,509,0.8605108055009824,0.8764055979521489,446.09044935764376,-0.23395497174488514,1.8506907337684
07_btc_5m_s15_hybrid_v1,g_as_norm_lt_15,lockbox,329,0.790273556231003,0.49953879688258046,164.34826417436898,-1.2801884419902652,2.7201918176820095
07_btc_5m_s15_hybrid_v1,g_hy_cb_with_dir,train,3168,0.7834595959595959,0.08946514212827135,283.42557026236364,-0.5495143644250324,0.641031136431219
07_btc_5m_s15_hybrid_v1,g_hy_cb_with_dir,val,304,0.8519736842105263,0.9588514527681279,291.4908416415109,-0.8060308496492313,2.9724945158021563
07_btc_5m_s15_hybrid_v1,g_hy_cb_with_dir,lockbox,1024,0.7421875,3.7936920046243126,3884.740612735296,1.2521460413402241,6.331867156444369
07_btc_5m_s15_hybrid_v1,g_as_stable_AND_hy_with,train,745,0.876510067114094,1.5589076023764394,1161.3861637704474,0.4521879461078824,3.1896301233661224
07_btc_5m_s15_hybrid_v1,g_as_stable_AND_hy_with,val,235,0.8468085106382979,0.14553964612892928,34.20181684029838,-1.3269018357179283,1.5525501113498508
07_btc_5m_s15_hybrid_v1,g_as_stable_AND_hy_with,lockbox,90,0.8111111111111111,0.09198594948783546,8.278735453905192,-2.6807146171400005,3.189224981929741
08_sol_5m_s6_hybrid_v1,none,train,7429,0.7057477453223853,-0.5321837875310519,-3953.5933575681847,-0.8528413381141646,-0.13167270702383482
08_sol_5m_s6_hybrid_v1,none,val,1124,0.7935943060498221,-0.15413632331704302,-173.24922740835635,-0.9231060367085056,0.6710699708379098
08_sol_5m_s6_hybrid_v1,none,lockbox,4085,0.7111383108935129,0.6032079587176755,2464.1045113617047,0.08839321578422803,1.239549161129762
08_sol_5m_s6_hybrid_v1,g_as_stable,train,599,0.8146911519198664,-0.04299310926923713,-25.75287245227304,-1.1294844726554865,1.0366560379215033
08_sol_5m_s6_hybrid_v1,g_as_stable,val,539,0.8051948051948052,0.06280242816254077,33.85050877960947,-1.2310126156042316,1.3246701085274604
08_sol_5m_s6_hybrid_v1,g_as_stable,lockbox,427,0.6908665105386417,-0.0365386887718767,-15.60202010559135,-2.092066077516804,1.9050448349757758
08_sol_5m_s6_hybrid_v1,g_as_norm_lt_05,train,54,0.8333333333333334,-0.2598631968482135,-14.032612629803529,-3.496122730103643,2.5620557268600956
08_sol_5m_s6_hybrid_v1,g_as_norm_lt_05,val,67,0.7910447761194029,-0.6847804309560818,-45.88028887405748,-3.920783280969071,2.7285631700871047
08_sol_5m_s6_hybrid_v1,g_as_norm_lt_05,lockbox,49,0.673469387755102,-1.3225550281315757,-64.8051963784472,-5.368332227074636,3.7177699824543766
08_sol_5m_s6_hybrid_v1,g_as_unstable_skip,train,1206,0.7976782752902156,-0.04364135380960107,-52.631472694378886,-1.1022083716152395,0.8951185970941069
08_sol_5m_s6_hybrid_v1,g_as_unstable_skip,val,911,0.7958287596048299,-0.17163255408806857,-156.35725677423048,-1.018810560158067,0.6193127660043957
08_sol_5m_s6_hybrid_v1,g_as_unstable_skip,lockbox,671,0.7108792846497765,0.3141644343713959,210.80433546320666,-1.070799406323941,1.7166640746390454
08_sol_5m_s6_hybrid_v1,g_as_norm_lt_15,train,989,0.7967644084934277,-0.4065104982531956,-402.03888277241043,-1.4650000456304346,0.33573645500558974
08_sol_5m_s6_hybrid_v1,g_as_norm_lt_15,val,789,0.8022813688212928,0.12858067851284663,101.450155346636,-0.7755830607561975,1.2370736380964495
08_sol_5m_s6_hybrid_v1,g_as_norm_lt_15,lockbox,594,0.7037037037037037,0.18332077893862922,108.89254268954576,-1.5606695725309758,1.9344415939263668
08_sol_5m_s6_hybrid_v1,g_hy_cb_with_dir,train,5476,0.7551132213294376,-0.29113208625905435,-1594.2393043545817,-0.7774172894445578,0.09990664840090885
08_sol_5m_s6_hybrid_v1,g_hy_cb_with_dir,val,667,0.7916041979010495,-0.25535976519913534,-170.32496338782326,-1.3326877563091952,0.7298968657343393
08_sol_5m_s6_hybrid_v1,g_hy_cb_with_dir,lockbox,2007,0.7090184354758345,0.3104731868227606,623.1196859532805,-0.4877331278843998,1.150054304045499
08_sol_5m_s6_hybrid_v1,g_as_stable_AND_hy_with,train,500,0.828,-0.5756299239230986,-287.81496196154933,-1.7167948433033995,0.4557395545226274
08_sol_5m_s6_hybrid_v1,g_as_stable_AND_hy_with,val,352,0.8011363636363636,0.06242172612801285,21.972447597060523,-1.387387614659115,1.615868941595923
08_sol_5m_s6_hybrid_v1,g_as_stable_AND_hy_with,lockbox,220,0.6454545454545455,-2.956366787951725,-650.4006933493795,-5.085110219303236,-0.28879623821560985
09_btc_5m_xa_down,none,train,16703,0.5853439501885889,-2.011327975218271,-33595.21117007078,-2.4582554127415817,-1.4234853147454871
09_btc_5m_xa_down,none,val,1335,0.7910112359550562,-0.5958340072377217,-795.4383996623585,-1.363887783803625,0.19994761420002524
09_btc_5m_xa_down,none,lockbox,8202,0.5649841502072666,-1.0187129832140454,-8355.4838883216,-1.75433472544174,-0.32012221989964496
09_btc_5m_xa_down,g_as_stable,train,1510,0.8350993377483443,0.8498493003365473,1283.2724435081864,-0.346838170078145,2.087001385130086
09_btc_5m_xa_down,g_as_stable,val,782,0.8324808184143222,-0.03432291167965198,-26.840516933487848,-1.0935718868410667,0.9248248735798891
09_btc_5m_xa_down,g_as_stable,lockbox,940,0.6382978723404256,0.4731204802675942,444.73325145153854,-1.33710823420609,2.45738517213265
09_btc_5m_xa_down,g_as_norm_lt_05,train,1011,0.8555885262116716,0.7644914988730654,772.9009053606692,-0.37159359245881923,1.8593584627671027
09_btc_5m_xa_down,g_as_norm_lt_05,val,464,0.8642241379310345,0.4156914886871776,192.8808507508504,-0.6095381843130144,1.6151643095939543
09_btc_5m_xa_down,g_as_norm_lt_05,lockbox,696,0.6264367816091954,-1.0454521041038298,-727.6346644562656,-2.7083554038166757,0.7999073863279355
09_btc_5m_xa_down,g_as_unstable_skip,train,1922,0.8246618106139438,0.6656961144256358,1279.467931926072,-0.17795510485395585,1.375426108146423
09_btc_5m_xa_down,g_as_unstable_skip,val,1037,0.819672131147541,-0.17522158883206876,-181.7047876188553,-1.0259523272382123,0.6076244796553963
09_btc_5m_xa_down,g_as_unstable_skip,lockbox,1100,0.6454545454545455,0.8906191990964178,979.6811190060596,-0.870524501419436,2.430525139611854
09_btc_5m_xa_down,g_as_norm_lt_15,train,1770,0.8282485875706215,0.6388614318823101,1130.784734431689,-0.3324038482534962,1.6134565722516871
09_btc_5m_xa_down,g_as_norm_lt_15,val,951,0.8264984227129337,-0.02985142916035098,-28.388709131493783,-0.9655012619839136,0.7763259520570865
09_btc_5m_xa_down,g_as_norm_lt_15,lockbox,1048,0.6402671755725191,0.806348947743341,845.0536972350213,-0.7989077140019398,2.826709565892859
09_btc_5m_xa_down,g_hy_cb_with_dir,train,10228,0.6761830269847477,-1.0708967485923808,-10953.13194460287,-1.6888426254269235,-0.3579343391493766
09_btc_5m_xa_down,g_hy_cb_with_dir,val,357,0.8263305322128851,-1.1232299263199483,-400.99308369622156,-2.2946855859459285,-0.1313012861988961
09_btc_5m_xa_down,g_hy_cb_with_dir,lockbox,0,,,,,
09_btc_5m_xa_down,g_as_stable_AND_hy_with,train,1303,0.8357636224098235,0.4059323874292135,528.9299008202652,-0.5161916872195979,1.570199230467437
09_btc_5m_xa_down,g_as_stable_AND_hy_with,val,222,0.8513513513513513,-0.5225095052831761,-115.99711017286509,-1.8090391472521947,0.859372621048191
09_btc_5m_xa_down,g_as_stable_AND_hy_with,lockbox,0,,,,,
10_btc_15m_s7_hybrid_v1,none,train,3071,0.8218821230869424,0.14618501731198275,448.93418816509904,-0.621127087948554,1.0392150806777167
10_btc_15m_s7_hybrid_v1,none,val,454,0.8480176211453745,1.0889222955306752,494.3707221709265,-0.7349245354165493,3.524502622755889
10_btc_15m_s7_hybrid_v1,none,lockbox,1242,0.784219001610306,-1.204341161611062,-1495.791722720939,-2.0151563178783576,-0.19021835100384954
10_btc_15m_s7_hybrid_v1,g_as_stable,train,631,0.8351822503961965,0.34556405510307486,218.05091877004025,-1.578284248795467,3.1764956093034438
10_btc_15m_s7_hybrid_v1,g_as_stable,val,364,0.8626373626373627,1.638116768532574,596.2745037458569,-0.42614969649220474,5.418138873620877
10_btc_15m_s7_hybrid_v1,g_as_stable,lockbox,208,0.7980769230769231,-1.01011211664209,-210.10332026155476,-3.1114773865090295,1.985753835135174
10_btc_15m_s7_hybrid_v1,g_as_norm_lt_05,train,495,0.8363636363636363,-0.027598458971094416,-13.661237190691736,-2.2857435496544225,3.548071890045366
10_btc_15m_s7_hybrid_v1,g_as_norm_lt_05,val,276,0.8840579710144928,2.5800626868773984,712.0973015781619,-0.06397436311776786,5.957962533743591
10_btc_15m_s7_hybrid_v1,g_as_norm_lt_05,lockbox,172,0.8023255813953488,-0.8283840684491008,-142.48205977324534,-3.07696644286086,2.11429273287003
10_btc_15m_s7_hybrid_v1,g_as_unstable_skip,train,734,0.8365122615803815,0.3523793967435896,258.64647720979474,-1.3681543643697267,2.710517436126997
10_btc_15m_s7_hybrid_v1,g_as_unstable_skip,val,415,0.8554216867469879,1.5757742676228508,653.9463210634831,-0.5629246357176884,4.365974985970439
10_btc_15m_s7_hybrid_v1,g_as_unstable_skip,lockbox,226,0.7743362831858407,-1.8586769921226693,-420.06100021972327,-4.212502251315407,0.04043596452294912
10_btc_15m_s7_hybrid_v1,g_as_norm_lt_15,train,707,0.8345120226308345,0.3463302542697469,244.85548976871104,-1.4268363876817085,2.937539149398084
10_btc_15m_s7_hybrid_v1,g_as_norm_lt_15,val,399,0.8621553884711779,1.8748530175609885,748.0663540068344,-0.11428501308408384,4.873977698394257
10_btc_15m_s7_hybrid_v1,g_as_norm_lt_15,lockbox,217,0.7880184331797235,-1.391984303884264,-302.0605939428853,-3.4354781051339756,1.3934777660436068
10_btc_15m_s7_hybrid_v1,g_hy_cb_with_dir,train,2332,0.8344768439108061,0.4961267387967187,1156.967554873948,-0.4775691454764911,1.5895632543739484
10_btc_15m_s7_hybrid_v1,g_hy_cb_with_dir,val,283,0.8268551236749117,0.010470792865907689,2.963234381051876,-1.80101627744063,1.6679058421738444
10_btc_15m_s7_hybrid_v1,g_hy_cb_with_dir,lockbox,606,0.7904290429042904,-1.13836884171526,-689.8515180794476,-2.4339070772770595,0.20377378002175559
10_btc_15m_s7_hybrid_v1,g_as_stable_AND_hy_with,train,572,0.833916083916084,0.5640479297544612,322.6354158195518,-1.511199801865496,4.056542620608183
10_btc_15m_s7_hybrid_v1,g_as_stable_AND_hy_with,val,234,0.8504273504273504,0.4149332040562416,97.09436974916053,-1.3674990028755996,2.279493049511486
10_btc_15m_s7_hybrid_v1,g_as_stable_AND_hy_with,lockbox,111,0.7567567567567568,-1.4364495204331185,-159.44589676807615,-5.164838981222151,3.2324163894247984
11_eth_15m_off120_240,none,train,867,0.6447520184544406,-0.6396138185931384,-554.545180720251,-1.9276079079517237,0.7535654117741488
11_eth_15m_off120_240,none,val,135,0.8222222222222222,2.9376789759739093,396.5866617564777,0.8642936120240159,5.58863919016352
11_eth_15m_off120_240,none,lockbox,372,0.6048387096774194,-1.6487721164089797,-613.3432273041404,-4.008623583169742,0.24986247207274975
11_eth_15m_off120_240,g_as_stable,train,85,0.7529411764705882,0.27295468568134823,23.201148282914602,-2.3224984869018646,3.520129893311416
11_eth_15m_off120_240,g_as_stable,val,57,0.8070175438596491,2.3135530337526657,131.87252292390195,-1.3962542132451552,5.836894264534035
11_eth_15m_off120_240,g_as_stable,lockbox,55,0.6181818181818182,-1.601204454258489,-88.0662449842169,-6.130180407444651,3.5468226239006153
11_eth_15m_off120_240,g_as_norm_lt_05,train,44,0.7727272727272727,1.0957005935260051,48.21082611514422,-3.3146542296204076,6.367202990715188
11_eth_15m_off120_240,g_as_norm_lt_05,val,18,0.8888888888888888,5.301313284027373,95.42363911249271,-0.11018228802313873,9.942083237716453
11_eth_15m_off120_240,g_as_norm_lt_05,lockbox,32,0.59375,-1.7586339352617337,-56.27628592837548,-8.38809347848238,5.3928499990817995
11_eth_15m_off120_240,g_as_unstable_skip,train,143,0.7552447552447552,0.2562962047490366,36.650357279112235,-2.1559081339833743,2.499884445063525
11_eth_15m_off120_240,g_as_unstable_skip,val,88,0.8068181818181818,2.668976103226763,234.86989708395512,-0.2941105402514996,5.12231725111661
11_eth_15m_off120_240,g_as_unstable_skip,lockbox,66,0.6212121212121212,-1.8993541968378465,-125.35737699129787,-6.303526293909719,2.3657185719261293
11_eth_15m_off120_240,g_as_norm_lt_15,train,124,0.7580645161290323,0.07391390860929421,9.165324667552483,-2.1413420354562582,2.994681834687677
11_eth_15m_off120_240,g_as_norm_lt_15,val,78,0.8076923076923077,2.703954009230485,210.9084127199778,-0.39827180800225165,5.98109802629637
11_eth_15m_off120_240,g_as_norm_lt_15,lockbox,61,0.6229508196721312,-1.6276036993552403,-99.28382566066966,-6.486127865032107,2.4055862460204582
11_eth_15m_off120_240,g_hy_cb_with_dir,train,792,0.6540404040404041,-0.3105824536350628,-245.98130327896976,-1.6907982022070627,1.0652896609283506
11_eth_15m_off120_240,g_hy_cb_with_dir,val,65,0.8153846153846154,2.5495801548525137,165.7227100654134,-1.3328896827927665,5.189553651452669
11_eth_15m_off120_240,g_hy_cb_with_dir,lockbox,196,0.5459183673469388,-4.210436177902192,-825.2454908688297,-6.567670455892462,-1.3781541943605973
11_eth_15m_off120_240,g_as_stable_AND_hy_with,train,83,0.7469879518072289,0.10147571099376307,8.422484012482334,-3.182648605049737,3.9611550421208945
11_eth_15m_off120_240,g_as_stable_AND_hy_with,val,22,0.8636363636363636,5.6444765255879314,124.17848356293449,-0.29847853841103794,10.785204734756263
11_eth_15m_off120_240,g_as_stable_AND_hy_with,lockbox,11,0.36363636363636365,-13.173203575684374,-144.9052393325281,-22.12465733165163,-3.1830658201303565
12_eth_15m_off60_120,none,train,251,0.6334661354581673,-0.5588638426841316,-140.27482451371702,-2.988813266993083,1.720580071680221
12_eth_15m_off60_120,none,val,58,0.8275862068965517,5.26221221549009,305.2083084984252,1.2506944346654414,8.964396702620643
12_eth_15m_off60_120,none,lockbox,98,0.7755102040816326,5.561878069403579,545.0640508015507,2.198429631464166,8.381679387416085
12_eth_15m_off60_120,g_as_stable,train,40,0.75,2.074925173394467,82.99700693577869,-2.782615306958269,6.656224546266796
12_eth_15m_off60_120,g_as_stable,val,26,0.7692307692307693,1.5307054508407545,39.798341721859614,-4.529941762032911,6.573171022291594
12_eth_15m_off60_120,g_as_stable,lockbox,30,0.7333333333333333,3.391612291009949,101.74836873029847,-2.220935256399377,9.71300500597403
12_eth_15m_off60_120,g_as_norm_lt_05,train,23,0.6956521739130435,-0.12807174437353747,-2.9456501205913614,-6.928668582734857,6.877566975177504
12_eth_15m_off60_120,g_as_norm_lt_05,val,7,0.7142857142857143,-1.933350851886789,-13.533455963207523,,
12_eth_15m_off60_120,g_as_norm_lt_05,lockbox,24,0.7083333333333334,3.1014689441127357,74.43525465870566,-3.8352453024734983,9.068808897388065
12_eth_15m_off60_120,g_as_unstable_skip,train,58,0.7241379310344828,1.6101441812205635,93.38836251079267,-2.580911653541487,6.067656501252373
12_eth_15m_off60_120,g_as_unstable_skip,val,40,0.775,3.368280310256202,134.73121241024808,-1.8273905328130988,7.660968100882034
12_eth_15m_off60_120,g_as_unstable_skip,lockbox,32,0.75,3.7207337616809406,119.0634803737901,-2.0062374435550376,9.670725572092636
12_eth_15m_off60_120,g_as_norm_lt_15,train,50,0.74,2.1044549781860713,105.22274890930358,-2.8430466240442964,6.6009552553784925
12_eth_15m_off60_120,g_as_norm_lt_15,val,34,0.7941176470588235,3.370377557366894,114.59283695047439,-2.159067283147936,8.64117081520122
12_eth_15m_off60_120,g_as_norm_lt_15,lockbox,32,0.75,3.7207337616809406,119.0634803737901,-2.0062374435550376,9.670725572092636
12_eth_15m_off60_120,g_hy_cb_with_dir,train,219,0.6484018264840182,-0.6027345084044683,-131.99885734057855,-2.8041850744004457,1.9807627416411153
12_eth_15m_off60_120,g_hy_cb_with_dir,val,34,0.8235294117647058,4.577826878979783,155.64611388531262,-0.0887466687330238,8.969780081355829
12_eth_15m_off60_120,g_hy_cb_with_dir,lockbox,55,0.7636363636363637,5.043992503884355,277.41958771363954,0.11728402674299616,9.116437909481334
12_eth_15m_off60_120,g_as_stable_AND_hy_with,train,38,0.7368421052631579,1.7220556346198612,65.43811411555473,-3.998444547359238,7.359759175249385
12_eth_15m_off60_120,g_as_stable_AND_hy_with,val,13,0.7692307692307693,2.3880777591958355,31.045010869545862,-6.54679531717959,9.370920705708583
12_eth_15m_off60_120,g_as_stable_AND_hy_with,lockbox,18,0.7777777777777778,5.30897788422301,95.56160191601418,-3.6541240281015046,12.379633039565016
13_pool_15m_offge480,none,train,1935,0.6098191214470284,-2.722697623019822,-5268.419900543356,-4.28470718547777,-1.059571517667967
13_pool_15m_offge480,none,val,418,0.8636363636363636,1.3916271466477583,581.700147298763,-0.31544361952313577,3.7423622333199877
13_pool_15m_offge480,none,lockbox,665,0.48270676691729325,0.631146977981188,419.71274035749,-5.051987487350148,8.42867279215539
13_pool_15m_offge480,g_as_stable,train,574,0.8536585365853658,1.1579051037611188,664.6375295588822,-0.8565296681224872,4.583792884650191
13_pool_15m_offge480,g_as_stable,val,330,0.8818181818181818,2.2740697248357873,750.4430091958099,0.04699659323446658,5.019379592994135
13_pool_15m_offge480,g_as_stable,lockbox,116,0.5689655172413793,-0.510418537580537,-59.2085503593423,-7.560264930949464,12.248132981669459
13_pool_15m_offge480,g_as_norm_lt_05,train,444,0.8513513513513513,0.5981806962620244,265.5922291403388,-1.813097726188342,4.08690248080377
13_pool_15m_offge480,g_as_norm_lt_05,val,258,0.8992248062015504,3.173669202722846,818.8066543024943,0.6068939086696941,6.800469507861606
13_pool_15m_offge480,g_as_norm_lt_05,lockbox,90,0.5333333333333333,-1.677419907800774,-150.96779170206966,-10.291292924229344,14.308209832674468
13_pool_15m_offge480,g_as_unstable_skip,train,663,0.8461538461538461,0.9794967273976769,649.4063302646598,-0.712097264849618,3.797304304218078
13_pool_15m_offge480,g_as_unstable_skip,val,381,0.868766404199475,1.817162550964721,692.3389319175586,-0.31536485388075414,4.311502735160359
13_pool_15m_offge480,g_as_unstable_skip,lockbox,131,0.5725190839694656,-1.3341103343087124,-174.7684537944413,-7.995585386431672,8.522377716688716
13_pool_15m_offge480,g_as_norm_lt_15,train,636,0.8474842767295597,1.0451878166360047,664.739451380499,-0.9525808478157791,3.7940460645584575
13_pool_15m_offge480,g_as_norm_lt_15,val,365,0.8794520547945206,2.2273687851040465,812.989606562977,0.11672137938369843,4.384882830847258
13_pool_15m_offge480,g_as_norm_lt_15,lockbox,125,0.576,-0.9261590807290747,-115.76988509113434,-7.416440769802979,9.887756457656296
13_pool_15m_offge480,g_hy_cb_with_dir,train,1186,0.7057335581787522,-0.3941001356572084,-467.40276088944916,-2.3123379908611565,1.275503031061008
13_pool_15m_offge480,g_hy_cb_with_dir,val,251,0.852589641434263,0.5101071663397065,128.03689875126634,-1.2966087106910547,2.48741428520881
13_pool_15m_offge480,g_hy_cb_with_dir,lockbox,335,0.44776119402985076,-6.238863784677372,-2090.0193678669198,-9.349526230953302,-3.2332011150106243
13_pool_15m_offge480,g_as_stable_AND_hy_with,train,487,0.8459958932238193,1.5046630875373632,732.7709236306958,-1.0040686441882434,5.861312276496919
13_pool_15m_offge480,g_as_stable_AND_hy_with,val,202,0.8712871287128713,1.2267922888362093,247.81204234491426,-0.6768561280644115,3.358119423112025
13_pool_15m_offge480,g_as_stable_AND_hy_with,lockbox,60,0.5333333333333333,-7.176266068442648,-430.5759641065589,-12.194093908765614,-1.9330896266934412
14_sol_5m_drz_res_down,none,train,13771,0.49531624428146104,-5.603922503860202,-77171.61680065884,-6.077389245142697,-4.99548707833017
14_sol_5m_drz_res_down,none,val,1442,0.811373092926491,-0.7037269636214922,-1014.7742815421918,-1.4362914736984818,-0.024444754474557927
14_sol_5m_drz_res_down,none,lockbox,6696,0.4550477897252091,-5.349210613070769,-35818.314265121866,-6.098312900569531,-4.5285395444365015
14_sol_5m_drz_res_down,g_as_stable,train,796,0.8793969849246231,-0.47693345957296096,-379.6390338200769,-1.2541884710972209,0.17093447611793397
14_sol_5m_drz_res_down,g_as_stable,val,967,0.8397104446742503,-0.3389634048709597,-327.77761251021803,-1.2074579240531818,0.6447031679678379
14_sol_5m_drz_res_down,g_as_stable,lockbox,1307,0.47819433817903595,-4.138234199710201,-5408.6720990212325,-5.8748524711648855,-2.2178217674974223
14_sol_5m_drz_res_down,g_as_norm_lt_05,train,421,0.9216152019002375,0.023097625206199367,9.724100211809933,-0.6845409191688557,0.9109167402157078
14_sol_5m_drz_res_down,g_as_norm_lt_05,val,512,0.861328125,-0.520267293547175,-266.3768542961536,-1.5832218119051054,0.5555567725482653
14_sol_5m_drz_res_down,g_as_norm_lt_05,lockbox,737,0.43012211668928085,-7.69822266057176,-5673.5901008413875,-10.002142492720722,-5.33453462489066
14_sol_5m_drz_res_down,g_as_unstable_skip,train,1068,0.8567415730337079,-0.44256393433479274,-472.65828186955866,-1.146905628422201,0.29730499073641203
14_sol_5m_drz_res_down,g_as_unstable_skip,val,1287,0.8205128205128205,-0.6187707825657431,-796.3579971621114,-1.4012534302550095,0.2461371269212271
14_sol_5m_drz_res_down,g_as_unstable_skip,lockbox,1561,0.48302370275464446,-3.9008298247691022,-6089.195356464568,-5.4033955359657355,-2.482930084340147
14_sol_5m_drz_res_down,g_as_norm_lt_15,train,982,0.8676171079429735,-0.5314426233356192,-521.876656115578,-1.1630927252396077,0.14533899548906226
14_sol_5m_drz_res_down,g_as_norm_lt_15,val,1179,0.825275657336726,-0.5509979296429173,-649.6265590489995,-1.3205761335727646,0.31707344634423784
14_sol_5m_drz_res_down,g_as_norm_lt_15,lockbox,1495,0.4809364548494983,-3.965356313989197,-5928.20768941385,-5.406831271749073,-2.6599270222900877
14_sol_5m_drz_res_down,g_hy_cb_with_dir,train,6239,0.6560346209328418,-3.0272901224309674,-18887.263073846807,-3.7070557823011603,-2.0697531289414712
14_sol_5m_drz_res_down,g_hy_cb_with_dir,val,331,0.8217522658610272,-1.137843417603757,-376.62617122684355,-2.442310631995467,0.3809747456942413
14_sol_5m_drz_res_down,g_hy_cb_with_dir,lockbox,0,,,,,
14_sol_5m_drz_res_down,g_as_stable_AND_hy_with,train,642,0.8785046728971962,-0.5402176890588882,-346.81975637580626,-1.2329104573373877,0.4226724977398877
14_sol_5m_drz_res_down,g_as_stable_AND_hy_with,val,270,0.825925925925926,-1.035277806779072,-279.52500783034947,-2.4808846155993787,0.4562880899525802
14_sol_5m_drz_res_down,g_as_stable_AND_hy_with,lockbox,0,,,,,
15_btc_15m_s7_tight,none,train,2965,0.8195615514333895,0.05415964577666469,160.5833497278108,-0.6402519025376031,0.900632405179379
15_btc_15m_s7_tight,none,val,429,0.8554778554778555,1.3808256118417999,592.3741874801322,-0.4238963138396003,4.042093093461192
15_btc_15m_s7_tight,none,lockbox,1221,0.7846027846027847,-1.1434455914542472,-1396.1470671656357,-1.9823883147937067,-0.17049643538951564
15_btc_15m_s7_tight,g_as_stable,train,612,0.8382352941176471,0.21930890103182218,134.21704743147518,-1.5341434095848192,3.1284909555599962
15_btc_15m_s7_tight,g_as_stable,val,355,0.8676056338028169,1.8126845604539905,643.5030189611666,-0.6007524266683288,4.626082896688138
15_btc_15m_s7_tight,g_as_stable,lockbox,205,0.7951219512195122,-1.0618488698139985,-217.6790183118697,-3.2054528680386714,1.4701717701250692
15_btc_15m_s7_tight,g_as_norm_lt_05,train,488,0.8401639344262295,0.09132345088906181,44.56584403386216,-2.1919461727366687,3.9209333338840437
15_btc_15m_s7_tight,g_as_norm_lt_05,val,275,0.8836363636363637,2.5816976991950686,709.9668672786439,0.1729911130627284,5.93980729426754
15_btc_15m_s7_tight,g_as_norm_lt_05,lockbox,171,0.8011695906432749,-0.8346756390779286,-142.7295342823258,-3.23457979210697,2.0808944266083658
15_btc_15m_s7_tight,g_as_unstable_skip,train,696,0.8376436781609196,0.1991325413236756,138.59624876127822,-1.3653935571883564,2.2481356863889004
15_btc_15m_s7_tight,g_as_unstable_skip,val,399,0.8646616541353384,1.8736453608641852,747.5844989848099,-0.15003165389464052,3.8450589207864034
15_btc_15m_s7_tight,g_as_unstable_skip,lockbox,222,0.7702702702702703,-1.9372061910684535,-430.05977441719665,-4.297330091084257,0.4000796747077992
15_btc_15m_s7_tight,g_as_norm_lt_15,train,675,0.837037037037037,0.233655135148844,157.7172162254697,-1.382491396859492,3.0248616060657216
15_btc_15m_s7_tight,g_as_norm_lt_15,val,387,0.8656330749354005,1.9951689555610845,772.1303858021397,-0.13929731135319,4.752391942730568
15_btc_15m_s7_tight,g_as_norm_lt_15,lockbox,213,0.784037558685446,-1.4650674560580224,-312.05936814035874,-3.9781195311968625,1.0444716080917122
15_btc_15m_s7_tight,g_hy_cb_with_dir,train,2227,0.8320610687022901,0.3901500632895107,868.8641909457403,-0.6234790484053174,1.356734984897515
15_btc_15m_s7_tight,g_hy_cb_with_dir,val,268,0.8395522388059702,0.45274182103808047,121.33480803820557,-1.304478788922291,2.4288270430663292
15_btc_15m_s7_tight,g_hy_cb_with_dir,lockbox,595,0.7932773109243697,-1.001384636040652,-595.8238584441879,-2.166975822359817,0.263184882900345
15_btc_15m_s7_tight,g_as_stable_AND_hy_with,train,553,0.8372513562386981,0.4318291943598316,238.80154448098688,-1.5190762178669457,3.583835683834646
15_btc_15m_s7_tight,g_as_stable_AND_hy_with,val,225,0.8577777777777778,0.6414350442865339,144.32288496447012,-0.9645389064522147,2.5871005398634503
15_btc_15m_s7_tight,g_as_stable_AND_hy_with,lockbox,111,0.7567567567567568,-1.4364495204331185,-159.44589676807615,-5.164838981222151,3.2324163894247984
